17182,ΑΓΓΕΛΑΚΗ,0,0,0,18,"ΑΓΓΕΛΑΚΗ,0,ΘΕΣΣΑΛΟΝΙΚΗ",40.62699244874492, 22.952938863153182
17361,ΑΓΓΕΛΑΚΗ,7,1,13,21,"ΑΓΓΕΛΑΚΗ,7,ΘΕΣΣΑΛΟΝΙΚΗ",40.6279841706843, 22.953098883714645
17622,ΑΓΓΕΛΑΚΗ,21,15,25,16,"ΑΓΓΕΛΑΚΗ,21,ΘΕΣΣΑΛΟΝΙΚΗ",40.62896603530665, 22.953234011201758
18022,ΑΓΓΕΛΑΚΗ,35,27,41,18,"ΑΓΓΕΛΑΚΗ,35,ΘΕΣΣΑΛΟΝΙΚΗ",40.63000015564542, 22.953362221227238
18282,ΑΓΙΑΣ ΣΟΦΙΑΣ,1,1,1,16,"ΑΓΙΑΣ ΣΟΦΙΑΣ,1,ΘΕΣΣΑΛΟΝΙΚΗ",40.6307038278482, 22.94311615434231
18094,ΑΓΙΑΣ ΣΟΦΙΑΣ,4,2,4,15,"ΑΓΙΑΣ ΣΟΦΙΑΣ,4,ΘΕΣΣΑΛΟΝΙΚΗ",40.63067532960011, 22.943172480732375
18362,ΑΓΙΑΣ ΣΟΦΙΑΣ,5,3,5,2,"ΑΓΙΑΣ ΣΟΦΙΑΣ,5,ΘΕΣΣΑΛΟΝΙΚΗ",40.63117506496075, 22.94365930166252
18224,ΑΓΙΑΣ ΣΟΦΙΑΣ,6,6,6,4,"ΑΓΙΑΣ ΣΟΦΙΑΣ,6,ΘΕΣΣΑΛΟΝΙΚΗ",40.631096695305814, 22.94365259614033
18512,ΑΓΙΑΣ ΣΟΦΙΑΣ,11,7,13,3,"ΑΓΙΑΣ ΣΟΦΙΑΣ,11,ΘΕΣΣΑΛΟΝΙΚΗ",40.63152707574687, 22.94406101332508
19414,ΑΓΙΑΣ ΣΟΦΙΑΣ,0,0,0,9,"ΑΓΙΑΣ ΣΟΦΙΑΣ,0,ΘΕΣΣΑΛΟΝΙΚΗ",40.635170093511874, 22.947634334927834
19522,ΑΓΙΑΣ ΣΟΦΙΑΣ,54,52,54,5,"ΑΓΙΑΣ ΣΟΦΙΑΣ,54,ΘΕΣΣΑΛΟΝΙΚΗ",40.63475580508199, 22.94730145824141
19594,ΑΓΙΑΣ ΣΟΦΙΑΣ,58,56,60,6,"ΑΓΙΑΣ ΣΟΦΙΑΣ,58,ΘΕΣΣΑΛΟΝΙΚΗ",40.63566411656779, 22.94806637377384
19142,ΑΓΙΑΣ ΣΟΦΙΑΣ,35,33,37,10,"ΑΓΙΑΣ ΣΟΦΙΑΣ,35,ΘΕΣΣΑΛΟΝΙΚΗ",40.63389288231848, 22.946093103748513
19742,ΑΓΙΑΣ ΣΟΦΙΑΣ,47,45,47,6,"ΑΓΙΑΣ ΣΟΦΙΑΣ,47,ΘΕΣΣΑΛΟΝΙΚΗ",40.63567022287851, 22.94798993081423
19391,ΑΓΙΟΥ ΔΗΜΗΤΡΙΟΥ,166,164,166,2,"ΑΓΙΟΥ ΔΗΜΗΤΡΙΟΥ,166,ΘΕΣΣΑΛΟΝΙΚΗ",40.63515688912129, 22.954452207536875
19611,ΑΓΙΟΥ ΔΗΜΗΤΡΙΟΥ,154,152,156,7,"ΑΓΙΟΥ ΔΗΜΗΤΡΙΟΥ,154,ΘΕΣΣΑΛΟΝΙΚΗ",40.635831586622544, 22.953007378884
19692,ΑΓΙΟΥ ΔΗΜΗΤΡΙΟΥ,157,153,159,6,"ΑΓΙΟΥ ΔΗΜΗΤΡΙΟΥ,157,ΘΕΣΣΑΛΟΝΙΚΗ",40.635024359286255, 22.95489940463491
19803,ΑΓΙΟΥ ΔΗΜΗΤΡΙΟΥ,145,141,147,5,"ΑΓΙΟΥ ΔΗΜΗΤΡΙΟΥ,145,ΘΕΣΣΑΛΟΝΙΚΗ",40.635690322133016, 22.953395324043775
19831,ΑΓΙΟΥ ΔΗΜΗΤΡΙΟΥ,146,144,148,3,"ΑΓΙΟΥ ΔΗΜΗΤΡΙΟΥ,146,ΘΕΣΣΑΛΟΝΙΚΗ",40.636242235344575, 22.9521060625715
19961,ΑΓΙΟΥ ΔΗΜΗΤΡΙΟΥ,140,138,142,6,"ΑΓΙΟΥ ΔΗΜΗΤΡΙΟΥ,140,ΘΕΣΣΑΛΟΝΙΚΗ",40.6365773818951, 22.951464436554982
20063,ΑΓΙΟΥ ΔΗΜΗΤΡΙΟΥ,137,135,139,4,"ΑΓΙΟΥ ΔΗΜΗΤΡΙΟΥ,137,ΘΕΣΣΑΛΟΝΙΚΗ",40.636024826112994, 22.952751433146414
20183,ΑΓΙΟΥ ΔΗΜΗΤΡΙΟΥ,131,129,133,5,"ΑΓΙΟΥ ΔΗΜΗΤΡΙΟΥ,131,ΘΕΣΣΑΛΟΝΙΚΗ",40.63624630618483, 22.952268336209087
20213,ΑΓΙΟΥ ΔΗΜΗΤΡΙΟΥ,127,125,127,10,"ΑΓΙΟΥ ΔΗΜΗΤΡΙΟΥ,127,ΘΕΣΣΑΛΟΝΙΚΗ",40.63662133121015, 22.951553527495268
20241,ΑΓΙΟΥ ΔΗΜΗΤΡΙΟΥ,130,126,132,3,"ΑΓΙΟΥ ΔΗΜΗΤΡΙΟΥ,130,ΘΕΣΣΑΛΟΝΙΚΗ",40.636928568141016, 22.95067298981758
20341,ΑΓΙΟΥ ΔΗΜΗΤΡΙΟΥ,122,120,124,4,"ΑΓΙΟΥ ΔΗΜΗΤΡΙΟΥ,122,ΘΕΣΣΑΛΟΝΙΚΗ",40.63731345026866, 22.94988421384009
20471,ΑΓΙΟΥ ΔΗΜΗΤΡΙΟΥ,118,116,118,8,"ΑΓΙΟΥ ΔΗΜΗΤΡΙΟΥ,118,ΘΕΣΣΑΛΟΝΙΚΗ",40.6374852799512, 22.9491777619626
20593,ΑΓΙΟΥ ΔΗΜΗΤΡΙΟΥ,115,113,117,5,"ΑΓΙΟΥ ΔΗΜΗΤΡΙΟΥ,115,ΘΕΣΣΑΛΟΝΙΚΗ",40.637070028214204, 22.950560337038265
20703,ΑΓΙΟΥ ΔΗΜΗΤΡΙΟΥ,107,103,111,5,"ΑΓΙΟΥ ΔΗΜΗΤΡΙΟΥ,107,ΘΕΣΣΑΛΟΝΙΚΗ",40.637371441502545, 22.94992456979184
20731,ΑΓΙΟΥ ΔΗΜΗΤΡΙΟΥ,108,98,112,7,"ΑΓΙΟΥ ΔΗΜΗΤΡΙΟΥ,108,ΘΕΣΣΑΛΟΝΙΚΗ",40.638049303751686, 22.948381007501318
21023,ΑΓΙΟΥ ΔΗΜΗΤΡΙΟΥ,89,83,95,20,"ΑΓΙΟΥ ΔΗΜΗΤΡΙΟΥ,89,ΘΕΣΣΑΛΟΝΙΚΗ",40.63805638790069, 22.948534614103583
21061,ΑΓΙΟΥ ΔΗΜΗΤΡΙΟΥ,88,86,90,7,"ΑΓΙΟΥ ΔΗΜΗΤΡΙΟΥ,88,ΘΕΣΣΑΛΟΝΙΚΗ",40.63909617859479, 22.946358260385743
21351,ΑΓΙΟΥ ΔΗΜΗΤΡΙΟΥ,76,70,84,14,"ΑΓΙΟΥ ΔΗΜΗΤΡΙΟΥ,76,ΘΕΣΣΑΛΟΝΙΚΗ",40.63952591084416, 22.94546825351553
21413,ΑΓΙΟΥ ΔΗΜΗΤΡΙΟΥ,69,63,73,15,"ΑΓΙΟΥ ΔΗΜΗΤΡΙΟΥ,69,ΘΕΣΣΑΛΟΝΙΚΗ",40.63960552245937, 22.945464349713657
21453,ΑΓΙΟΥ ΔΗΜΗΤΡΙΟΥ,79,75,81,26,"ΑΓΙΟΥ ΔΗΜΗΤΡΙΟΥ,79,ΘΕΣΣΑΛΟΝΙΚΗ",40.63879345499296, 22.947107023138386
21591,ΑΓΙΟΥ ΔΗΜΗΤΡΙΟΥ,0,0,0,10,"ΑΓΙΟΥ ΔΗΜΗΤΡΙΟΥ,0,ΘΕΣΣΑΛΟΝΙΚΗ",40.64029958215323, 22.944065597564563
28141,ΑΓΙΟΥ ΔΗΜΗΤΡΙΟΥ,170,168,172,4,"ΑΓΙΟΥ ΔΗΜΗΤΡΙΟΥ,170,ΘΕΣΣΑΛΟΝΙΚΗ",40.63497610383623, 22.954863059854826
28151,ΑΓΙΟΥ ΔΗΜΗΤΡΙΟΥ,174,174,174,12,"ΑΓΙΟΥ ΔΗΜΗΤΡΙΟΥ,174,ΘΕΣΣΑΛΟΝΙΚΗ",40.63464989774909, 22.955597975966775
19221,ΒΑΣ. ΗΡΑΚΛΕΙΟΥ,30,26,34,10,"ΒΑΣ. ΗΡΑΚΛΕΙΟΥ,30,ΘΕΣΣΑΛΟΝΙΚΗ",40.63434852063541, 22.94193845985478
19441,ΒΑΣ. ΗΡΑΚΛΕΙΟΥ,22,18,24,12,"ΒΑΣ. ΗΡΑΚΛΕΙΟΥ,22,ΘΕΣΣΑΛΟΝΙΚΗ",40.635116537650475, 22.940660418402608
16971,ΒΑΣΙΛΕΩΣ ΓΕΩΡΓΙΟΥ,0,0,0,7,"ΒΑΣΙΛΕΩΣ ΓΕΩΡΓΙΟΥ,0,ΘΕΣΣΑΛΟΝΙΚΗ",40.62275310447722, 22.95317673814979
19282,ΒΕΝΙΖΕΛΟΥ ΕΛ.,3,1,5,5,"ΒΕΝΙΖΕΛΟΥ ΕΛ.,3,ΘΕΣΣΑΛΟΝΙΚΗ",40.6344417105454, 22.93919791189842
19444,ΒΕΝΙΖΕΛΟΥ ΕΛ.,22,18,26,10,"ΒΕΝΙΖΕΛΟΥ ΕΛ.,22,ΘΕΣΣΑΛΟΝΙΚΗ",40.63506518075173, 22.9399738132135
19664,ΒΕΝΙΖΕΛΟΥ ΕΛ.,32,28,34,4,"ΒΕΝΙΖΕΛΟΥ ΕΛ.,32,ΘΕΣΣΑΛΟΝΙΚΗ",40.63566016897649, 22.94063105645993
19752,ΒΕΝΙΖΕΛΟΥ ΕΛ.,11,9,13,6,"ΒΕΝΙΖΕΛΟΥ ΕΛ.,11,ΘΕΣΣΑΛΟΝΙΚΗ",40.63513734864538, 22.939947417957534
19892,ΒΕΝΙΖΕΛΟΥ ΕΛ.,17,15,19,8,"ΒΕΝΙΖΕΛΟΥ ΕΛ.,17,ΘΕΣΣΑΛΟΝΙΚΗ",40.63565173484685, 22.940485680913863
20042,ΒΕΝΙΖΕΛΟΥ ΕΛ.,23,21,23,4,"ΒΕΝΙΖΕΛΟΥ ΕΛ.,23,ΘΕΣΣΑΛΟΝΙΚΗ",40.63616041934911, 22.94106395321993
20082,ΒΕΝΙΖΕΛΟΥ ΕΛ.,31,25,37,6,"ΒΕΝΙΖΕΛΟΥ ΕΛ.,31,ΘΕΣΣΑΛΟΝΙΚΗ",40.63649696784763, 22.941418652907654
19384,ΓΕΝΝΑΔΙΟΥ ΜΗΤΡ.,6,4,8,9,"ΓΕΝΝΑΔΙΟΥ ΜΗΤΡ.,6,ΘΕΣΣΑΛΟΝΙΚΗ",40.63498550664003, 22.94514845687459
17161,ΓΕΡΜΑΝΟΥ ΝΙΚΟΛΑΟΥ,6,2,10,90,"ΓΕΡΜΑΝΟΥ ΝΙΚΟΛΑΟΥ,6,ΘΕΣΣΑΛΟΝΙΚΗ",40.6262413660399, 22.950990685072863
19754,ΔΡΑΓΟΥΜΗ Ι.,12,10,12,10,"ΔΡΑΓΟΥΜΗ Ι.,12,ΘΕΣΣΑΛΟΝΙΚΗ",40.63580018504691, 22.939331150471727
19862,ΔΡΑΓΟΥΜΗ Ι.,15,13,15,5,"ΔΡΑΓΟΥΜΗ Ι.,15,ΘΕΣΣΑΛΟΝΙΚΗ",40.63537299711854, 22.93882220131695
19894,ΔΡΑΓΟΥΜΗ Ι.,14,14,14,3,"ΔΡΑΓΟΥΜΗ Ι.,14,ΘΕΣΣΑΛΟΝΙΚΗ",40.63614613937027, 22.93965539878829
19952,ΔΡΑΓΟΥΜΗ Ι.,21,17,23,8,"ΔΡΑΓΟΥΜΗ Ι.,21,ΘΕΣΣΑΛΟΝΙΚΗ",40.63582461024154, 22.939218497698803
20132,ΔΡΑΓΟΥΜΗ Ι.,27,25,27,2,"ΔΡΑΓΟΥΜΗ Ι.,27,ΘΕΣΣΑΛΟΝΙΚΗ",40.63629461361456, 22.939675210890954
20574,ΔΡΑΓΟΥΜΗ Ι.,30,30,30,3,"ΔΡΑΓΟΥΜΗ Ι.,30,ΘΕΣΣΑΛΟΝΙΚΗ",40.63773885433585, 22.941082296180628
20744,ΔΡΑΓΟΥΜΗ Ι.,36,32,38,8,"ΔΡΑΓΟΥΜΗ Ι.,36,ΘΕΣΣΑΛΟΝΙΚΗ",40.63812992114395, 22.941452892084047
20762,ΔΡΑΓΟΥΜΗ Ι.,43,41,45,8,"ΔΡΑΓΟΥΜΗ Ι.,43,ΘΕΣΣΑΛΟΝΙΚΗ",40.63792435694221, 22.94114991293659
20974,ΔΡΑΓΟΥΜΗ Ι.,46,40,50,12,"ΔΡΑΓΟΥΜΗ Ι.,46,ΘΕΣΣΑΛΟΝΙΚΗ",40.63871667266943, 22.94201069542257
21142,ΔΡΑΓΟΥΜΗ Ι.,53,47,59,15,"ΔΡΑΓΟΥΜΗ Ι.,53,ΘΕΣΣΑΛΟΝΙΚΗ",40.63862363880677, 22.94184633961595
21184,ΔΡΑΓΟΥΜΗ Ι.,54,52,56,5,"ΔΡΑΓΟΥΜΗ Ι.,54,ΘΕΣΣΑΛΟΝΙΚΗ",40.63922293704033, 22.94249912872245
21324,ΔΡΑΓΟΥΜΗ Ι.,62,58,64,6,"ΔΡΑΓΟΥΜΗ Ι.,62,ΘΕΣΣΑΛΟΝΙΚΗ",40.639674383930256, 22.94292027701951
21502,ΔΡΑΓΟΥΜΗ Ι.,69,61,75,13,"ΔΡΑΓΟΥΜΗ Ι.,69,ΘΕΣΣΑΛΟΝΙΚΗ",40.639491650874525, 22.9426650101683
18632,ΕΘΝΙΚΗΣ ΑΜΥΝΗΣ,0,0,0,36,"ΕΘΝΙΚΗΣ ΑΜΥΝΗΣ,0,ΘΕΣΣΑΛΟΝΙΚΗ",40.63204893278488, 22.954175054712927
28152,ΕΘΝΙΚΗΣ ΑΜΥΝΗΣ,39,39,39,16,"ΕΘΝΙΚΗΣ ΑΜΥΝΗΣ,39,ΘΕΣΣΑΛΟΝΙΚΗ",40.63348794865711, 22.95552884252072
17222,ΕΘΝΙΚΗΣ ΑΜΥΝΗΣ,3,1,3,2,"ΕΘΝΙΚΗΣ ΑΜΥΝΗΣ,3,ΘΕΣΣΑΛΟΝΙΚΗ",40.62778818260773, 22.950252096686913
17254,ΕΘΝΙΚΗΣ ΑΜΥΝΗΣ,6,2,10,21,"ΕΘΝΙΚΗΣ ΑΜΥΝΗΣ,6,ΘΕΣΣΑΛΟΝΙΚΗ",40.62764568502771, 22.95024270896014
17322,ΕΘΝΙΚΗΣ ΑΜΥΝΗΣ,5,5,5,6,"ΕΘΝΙΚΗΣ ΑΜΥΝΗΣ,5,ΘΕΣΣΑΛΟΝΙΚΗ",40.62739246900989, 22.949906123631425
17424,ΕΘΝΙΚΗΣ ΑΜΥΝΗΣ,16,12,20,8,"ΕΘΝΙΚΗΣ ΑΜΥΝΗΣ,16,ΘΕΣΣΑΛΟΝΙΚΗ",40.6283884536301, 22.9509137596963
17472,ΕΘΝΙΚΗΣ ΑΜΥΝΗΣ,9,7,9,5,"ΕΘΝΙΚΗΣ ΑΜΥΝΗΣ,9,ΘΕΣΣΑΛΟΝΙΚΗ",40.62833145514843, 22.950746121637597
17644,ΕΘΝΙΚΗΣ ΑΜΥΝΗΣ,28,22,32,19,"ΕΘΝΙΚΗΣ ΑΜΥΝΗΣ,28,ΘΕΣΣΑΛΟΝΙΚΗ",40.629190498556525, 22.95165270828612
17734,ΕΘΝΙΚΗΣ ΑΜΥΝΗΣ,34,34,34,3,"ΕΘΝΙΚΗΣ ΑΜΥΝΗΣ,34,ΘΕΣΣΑΛΟΝΙΚΗ",40.629788972503846, 22.952202561130512
17742,ΕΘΝΙΚΗΣ ΑΜΥΝΗΣ,19,11,25,10,"ΕΘΝΙΚΗΣ ΑΜΥΝΗΣ,19,ΘΕΣΣΑΛΟΝΙΚΗ",40.62930952916248, 22.951677565391552
17822,ΕΘΝΙΚΗΣ ΑΜΥΝΗΣ,27,27,27,1,"ΕΘΝΙΚΗΣ ΑΜΥΝΗΣ,27,ΘΕΣΣΑΛΟΝΙΚΗ",40.62974826016119, 22.952052357428595
17972,ΕΘΝΙΚΗΣ ΑΜΥΝΗΣ,31,29,31,2,"ΕΘΝΙΚΗΣ ΑΜΥΝΗΣ,31,ΘΕΣΣΑΛΟΝΙΚΗ",40.63011440696063, 22.952439933904795
18024,ΕΘΝΙΚΗΣ ΑΜΥΝΗΣ,42,36,46,17,"ΕΘΝΙΚΗΣ ΑΜΥΝΗΣ,42,ΘΕΣΣΑΛΟΝΙΚΗ",40.63021746841253, 22.952616962424916
28323,ΕΘΝΙΚΗΣ ΑΜΥΝΗΣ,35,33,37,9,"ΕΘΝΙΚΗΣ ΑΜΥΝΗΣ,35,ΘΕΣΣΑΛΟΝΙΚΗ",40.63061430766391, 22.952844957712806
18931,ΕΡΜΟΥ,48,42,52,21,"ΕΡΜΟΥ,48,ΘΕΣΣΑΛΟΝΙΚΗ",40.63358659519208, 22.945251585630665
19143,ΕΡΜΟΥ,73,69,77,21,"ΕΡΜΟΥ,73,ΘΕΣΣΑΛΟΝΙΚΗ",40.63378923747346, 22.945270604310505
19151,ΕΡΜΟΥ,36,30,40,11,"ΕΡΜΟΥ,36,ΘΕΣΣΑΛΟΝΙΚΗ",40.63419729302854, 22.94417562928346
19471,ΕΡΜΟΥ,26,22,28,3,"ΕΡΜΟΥ,26,ΘΕΣΣΑΛΟΝΙΚΗ",40.63534747400179, 22.941899219347146
19555,ΕΡΜΟΥ,59,51,67,5,"ΕΡΜΟΥ,59,ΘΕΣΣΑΛΟΝΙΚΗ",40.63434791853964, 22.943982510224128
19661,ΕΡΜΟΥ,20,16,20,6,"ΕΡΜΟΥ,20,ΘΕΣΣΑΛΟΝΙΚΗ",40.635550853999774, 22.941501371611555
19733,ΕΡΜΟΥ,27,23,31,5,"ΕΡΜΟΥ,27,ΘΕΣΣΑΛΟΝΙΚΗ",40.635797396322495, 22.941142626163373
19813,ΕΡΜΟΥ,39,33,43,11,"ΕΡΜΟΥ,39,ΘΕΣΣΑΛΟΝΙΚΗ",40.63522975245843, 22.94221132978053
20043,ΕΡΜΟΥ,17,11,21,12,"ΕΡΜΟΥ,17,ΘΕΣΣΑΛΟΝΙΚΗ",40.63616207064175, 22.940444148207977
19891,ΕΡΜΟΥ,14,12,14,11,"ΕΡΜΟΥ,17,ΘΕΣΣΑΛΟΝΙΚΗ",40.636117291337236, 22.940402573960892
18624,ΙΑΣΩΝΙΔΟΥ,2,2,2,18,"ΙΑΣΩΝΙΔΟΥ,2,ΘΕΣΣΑΛΟΝΙΚΗ",40.63283450462676, 22.9509095880257
18693,ΙΑΣΩΝΙΔΟΥ,4,4,4,12,"ΙΑΣΩΝΙΔΟΥ,4,ΘΕΣΣΑΛΟΝΙΚΗ",40.63353972362117, 22.95069050983295
18752,ΙΑΣΩΝΙΔΟΥ,5,1,7,22,"ΙΑΣΩΝΙΔΟΥ,5,ΘΕΣΣΑΛΟΝΙΚΗ",40.63329239048655, 22.950704513039312
18661,ΚΑΛΑΠΟΘΑΚΗ,18,14,20,6,"ΚΑΛΑΠΟΘΑΚΗ,18,ΘΕΣΣΑΛΟΝΙΚΗ",40.633034041724606, 22.939856059854748
18284,ΚΑΡΟΛΟΥ ΝΤΗΛ,4,2,4,4,"ΚΑΡΟΛΟΥ ΝΤΗΛ,4,ΘΕΣΣΑΛΟΝΙΚΗ",40.63133000643045, 22.942106782786976
18342,ΚΑΡΟΛΟΥ ΝΤΗΛ,3,1,3,6,"ΚΑΡΟΛΟΥ ΝΤΗΛ,3,ΘΕΣΣΑΛΟΝΙΚΗ",40.63133611313814, 22.942030339831202
18364,ΚΑΡΟΛΟΥ ΝΤΗΛ,8,6,8,5,"ΚΑΡΟΛΟΥ ΝΤΗΛ,8,ΘΕΣΣΑΛΟΝΙΚΗ",40.631657732326204, 22.942466198791372
18472,ΚΑΡΟΛΟΥ ΝΤΗΛ,7,5,7,4,"ΚΑΡΟΛΟΥ ΝΤΗΛ,7,ΘΕΣΣΑΛΟΝΙΚΗ",40.631766634673, 22.942479609835768
19002,ΚΑΡΟΛΟΥ ΝΤΗΛ,25,19,29,11,"ΚΑΡΟΛΟΥ ΝΤΗΛ,25,ΘΕΣΣΑΛΟΝΙΚΗ",40.63303555554762, 22.943765973380255
18584,ΚΑΡΟΛΟΥ ΝΤΗΛ,20,18,22,5,"ΚΑΡΟΛΟΥ ΝΤΗΛ,20,ΘΕΣΣΑΛΟΝΙΚΗ",40.63279174815097, 22.943558459213694
18934,ΚΑΡΟΛΟΥ ΝΤΗΛ,28,26,30,5,"ΚΑΡΟΛΟΥ ΝΤΗΛ,28,ΘΕΣΣΑΛΟΝΙΚΗ",40.63365122588414, 22.944441068862737
19144,ΚΑΡΟΛΟΥ ΝΤΗΛ,34,32,38,13,"ΚΑΡΟΛΟΥ ΝΤΗΛ,34,ΘΕΣΣΑΛΟΝΙΚΗ",40.63428699336345, 22.94496528785139
19152,ΚΑΡΟΛΟΥ ΝΤΗΛ,33,31,33,12,"ΚΑΡΟΛΟΥ ΝΤΗΛ,33,ΘΕΣΣΑΛΟΝΙΚΗ",40.63373977002266, 22.94442765781678
19141,ΚΑΣΤΡΙΤΣΙΟΥ,8,2,14,13,"ΚΑΣΤΡΙΤΣΙΟΥ,8,ΘΕΣΣΑΛΟΝΙΚΗ",40.63431913307497, 22.94572374666811
18874,ΚΕΡΑΜΟΠΟΥΛΟΥ,11,11,11,5,"ΚΕΡΑΜΟΠΟΥΛΟΥ,11,ΘΕΣΣΑΛΟΝΙΚΗ",40.63291392478073, 22.947470694905874
18793,ΚΕΡΑΜΟΠΟΥΛΟΥ,9,7,9,4,"ΚΕΡΑΜΟΠΟΥΛΟΥ,9,ΘΕΣΣΑΛΟΝΙΚΗ",40.63308893108845,22.947191340519357
19073,ΚΕΡΑΜΟΠΟΥΛΟΥ,3,1,5,6,"ΚΕΡΑΜΟΠΟΥΛΟΥ,3,ΘΕΣΣΑΛΟΝΙΚΗ",40.633408776290075, 22.946494636111314
19662,ΚΟΜΝΗΝΩΝ,21,17,23,14,"ΚΟΜΝΗΝΩΝ,21,ΘΕΣΣΑΛΟΝΙΚΗ",40.635266616654135, 22.941483520680098
18144,ΚΟΥΣΚΟΥΡΑ,6,4,10,9,"ΚΟΥΣΚΟΥΡΑ,6,ΘΕΣΣΑΛΟΝΙΚΗ",40.6308739722525, 22.945249656354253
17393,ΜΕΛΑ ΠΑΥΛΟΥ,1,1,1,2,"ΜΕΛΑ ΠΑΥΛΟΥ,1,ΘΕΣΣΑΛΟΝΙΚΗ",40.62824123224808, 22.948176869722115
17343,ΜΕΛΑ ΠΑΥΛΟΥ,4,2,6,7,"ΜΕΛΑ ΠΑΥΛΟΥ,4,ΘΕΣΣΑΛΟΝΙΚΗ",40.62787821938214, 22.948264495831094
17203,ΜΕΛΑ ΠΑΥΛΟΥ,0,0,0,18,"ΜΕΛΑ ΠΑΥΛΟΥ,0,ΘΕΣΣΑΛΟΝΙΚΗ",40.627164360478595, 22.948426046347485
17603,ΜΕΛΑ ΠΑΥΛΟΥ,12,8,16,11,"ΜΕΛΑ ΠΑΥΛΟΥ,12,ΘΕΣΣΑΛΟΝΙΚΗ",40.62907693917691, 22.947970815449604
17812,ΜΕΛΑ ΠΑΥΛΟΥ,13,11,13,3,"ΜΕΛΑ ΠΑΥΛΟΥ,13,ΘΕΣΣΑΛΟΝΙΚΗ",40.62945177798735, 22.947838389978777
18071,ΜΕΛΑ ΠΑΥΛΟΥ,19,15,23,6,"ΜΕΛΑ ΠΑΥΛΟΥ,19,ΘΕΣΣΑΛΟΝΙΚΗ",40.63043984727455, 22.94755404085424
18133,ΜΕΛΑ ΠΑΥΛΟΥ,24,18,30,15,"ΜΕΛΑ ΠΑΥΛΟΥ,24,ΘΕΣΣΑΛΟΝΙΚΗ",40.63038464712633, 22.947624884176648
18251,ΜΕΛΑ ΠΑΥΛΟΥ,27,25,29,4,"ΜΕΛΑ ΠΑΥΛΟΥ,27,ΘΕΣΣΑΛΟΝΙΚΗ",40.63113272534556, 22.94738482646476
18303,ΜΕΛΑ ΠΑΥΛΟΥ,34,32,36,7,"ΜΕΛΑ ΠΑΥΛΟΥ,34,ΘΕΣΣΑΛΟΝΙΚΗ",40.6311388320693, 22.947442493963468
18493,ΜΕΛΑ ΠΑΥΛΟΥ,44,38,48,12,"ΜΕΛΑ ΠΑΥΛΟΥ,44,ΘΕΣΣΑΛΟΝΙΚΗ",40.63198601150387, 22.947221778840706
18502,ΜΕΛΑ ΠΑΥΛΟΥ,37,35,37,5,"ΜΕΛΑ ΠΑΥΛΟΥ,37,ΘΕΣΣΑΛΟΝΙΚΗ",40.63206043808491, 22.94715089545146
17813,ΜΗΤΡΟΠΟΛΕΩΣ,111,103,119,15,"ΜΗΤΡΟΠΟΛΕΩΣ,111,ΘΕΣΣΑΛΟΝΙΚΗ",40.62927067686164, 22.9471247622861
17413,ΜΗΤΡΟΠΟΛΕΩΣ,123,121,123,7,"ΜΗΤΡΟΠΟΛΕΩΣ,123,ΘΕΣΣΑΛΟΝΙΚΗ",40.62820026064658, 22.94886573039067
17963,ΜΗΤΡΟΠΟΛΕΩΣ,99,95,101,6,"ΜΗΤΡΟΠΟΛΕΩΣ,99,ΘΕΣΣΑΛΟΝΙΚΗ",40.62980630601202, 22.94631814296703
18143,ΜΗΤΡΟΠΟΛΕΩΣ,85,79,93,16,"ΜΗΤΡΟΠΟΛΕΩΣ,85,ΘΕΣΣΑΛΟΝΙΚΗ",40.63040674324687, 22.945392042461147
18513,ΜΗΤΡΟΠΟΛΕΩΣ,59,51,65,7,"ΜΗΤΡΟΠΟΛΕΩΣ,59,ΘΕΣΣΑΛΟΝΙΚΗ",40.63158697239305, 22.943347489593922
18683,ΜΗΤΡΟΠΟΛΕΩΣ,43,37,49,5,"ΜΗΤΡΟΠΟΛΕΩΣ,43,ΘΕΣΣΑΛΟΝΙΚΗ",40.63225195525023,22.94202932729988
19033,ΜΗΤΡΟΠΟΛΕΩΣ,29,23,35,2,"ΜΗΤΡΟΠΟΛΕΩΣ,29,ΘΕΣΣΑΛΟΝΙΚΗ",40.63328965183877, 22.940387436220853
19163,ΜΗΤΡΟΠΟΛΕΩΣ,19,17,21,7,"ΜΗΤΡΟΠΟΛΕΩΣ,19,ΘΕΣΣΑΛΟΝΙΚΗ",40.63391034875704, 22.939299593383666
18254,Π.Π.ΓΕΡΜΑΝΟΥ,8,2,14,23,"Π.Π.ΓΕΡΜΑΝΟΥ,8,ΘΕΣΣΑΛΟΝΙΚΗ",40.63119050473356, 22.94655723323584
18304,Π.Π.ΓΕΡΜΑΝΟΥ,24,18,28,17,"Π.Π.ΓΕΡΜΑΝΟΥ,24,ΘΕΣΣΑΛΟΝΙΚΗ",40.63153288908872, 22.948022407384897
18315,Π.Π.ΓΕΡΜΑΝΟΥ,32,30,32,5,"Π.Π.ΓΕΡΜΑΝΟΥ,32,ΘΕΣΣΑΛΟΝΙΚΗ",40.631722660356566, 22.948722962914623
18355,Π.Π.ΓΕΡΜΑΝΟΥ,38,34,40,7,"Π.Π.ΓΕΡΜΑΝΟΥ,38,ΘΕΣΣΑΛΟΝΙΚΗ",40.631939137967144, 22.949709140825153
18413,Π.Π.ΓΕΡΜΑΝΟΥ,7,1,13,13,"Π.Π.ΓΕΡΜΑΝΟΥ,7,ΘΕΣΣΑΛΟΝΙΚΗ",40.63126480313888, 22.946628311781822
18464,Π.Π.ΓΕΡΜΑΝΟΥ,44,42,46,3,"Π.Π.ΓΕΡΜΑΝΟΥ,44,ΘΕΣΣΑΛΟΝΙΚΗ",40.632079026706656, 22.950215504694004
18492,Π.Π.ΓΕΡΜΑΝΟΥ,25,17,31,15,"Π.Π.ΓΕΡΜΑΝΟΥ,25,ΘΕΣΣΑΛΟΝΙΚΗ",40.63162154793532, 22.948107736847284
18522,Π.Π.ΓΕΡΜΑΝΟΥ,39,33,45,21,"Π.Π.ΓΕΡΜΑΝΟΥ,39,ΘΕΣΣΑΛΟΝΙΚΗ",40.632072665624946, 22.950055242718776
20303,ΦΙΛΙΠΠΟΥ,45,39,51,15,"ΦΙΛΙΠΠΟΥ,45,ΘΕΣΣΑΛΟΝΙΚΗ",40.63677051732665, 22.946495300424907
20548,ΦΙΛΙΠΠΟΥ,0,0,0,31,"ΦΙΛΙΠΠΟΥ,0,ΘΕΣΣΑΛΟΝΙΚΗ",40.63645609355268, 22.94626813406837
20671,ΦΙΛΙΠΠΟΥ,28,26,28,7,"ΦΙΛΙΠΠΟΥ,28,ΘΕΣΣΑΛΟΝΙΚΗ",40.63804440145459, 22.94400524877951
20751,ΦΙΛΙΠΠΟΥ,22,20,24,5,"ΦΙΛΙΠΠΟΥ,22,ΘΕΣΣΑΛΟΝΙΚΗ",40.63832803526563, 22.943458331019183
20783,ΦΙΛΙΠΠΟΥ,37,37,37,39,"ΦΙΛΙΠΠΟΥ,37,ΘΕΣΣΑΛΟΝΙΚΗ",40.63722116223093, 22.945624505662657
20541,ΦΙΛΙΠΠΟΥ,00,00,00,21,"ΦΙΛΙΠΠΟΥ,0,ΘΕΣΣΑΛΟΝΙΚΗ",40.637224410811925, 22.945461308850845
20843,ΦΙΛΙΠΠΟΥ,27,21,35,25,"ΦΙΛΙΠΠΟΥ,27,ΘΕΣΣΑΛΟΝΙΚΗ",40.63805957213851, 22.944050540767215
20901,ΦΙΛΙΠΠΟΥ,18,16,18,5,"ΦΙΛΙΠΠΟΥ,18,ΘΕΣΣΑΛΟΝΙΚΗ",40.63854788763775, 22.94298444328783
20971,ΦΙΛΙΠΠΟΥ,12,10,14,5,"ΦΙΛΙΠΠΟΥ,12,ΘΕΣΣΑΛΟΝΙΚΗ",40.63883426980423, 22.94247091384009
21183,ΦΙΛΙΠΠΟΥ,15,9,19,13,"ΦΙΛΙΠΠΟΥ,15,ΘΕΣΣΑΛΟΝΙΚΗ",40.63871850829364, 22.94276939542255
20544,ΧΑΛΚΕΩΝ,0,0,0,50,"ΧΑΛΚΕΩΝ,0,ΘΕΣΣΑΛΟΝΙΚΗ",40.63753046632704, 22.94414989845894
20362,ΧΑΛΚΕΩΝ,13,11,15,11,"ΧΑΛΚΕΩΝ,13,ΘΕΣΣΑΛΟΝΙΚΗ",40.6367617901994, 22.943225598511436
20512,ΧΑΛΚΕΩΝ,19,17,19,10,"ΧΑΛΚΕΩΝ,19,ΘΕΣΣΑΛΟΝΙΚΗ",40.637102451359546, 22.94354098266779
20672,ΧΑΛΚΕΩΝ,25,21,29,14,"ΧΑΛΚΕΩΝ,25,ΘΕΣΣΑΛΟΝΙΚΗ",40.637574298145644, 22.943970240854494
21612,ΑΝΤΙΓΩΝΙΔΩΝ,15,7,23,12,"ΑΝΤΙΓΩΝΙΔΩΝ,15,ΘΕΣΣΑΛΟΝΙΚΗ",40.63973078724386, 22.939573971011114
21534,ΑΝΤΙΓΩΝΙΔΩΝ,18,16,20,7,"ΑΝΤΙΓΩΝΙΔΩΝ,18,ΘΕΣΣΑΛΟΝΙΚΗ",40.639937627112154, 22.939818128338796
21284,ΑΝΤΙΓΩΝΙΔΩΝ,12,8,14,7,"ΑΝΤΙΓΩΝΙΔΩΝ,12,ΘΕΣΣΑΛΟΝΙΚΗ",40.63953982428466, 22.93945454663919
21114,ΑΝΤΙΓΩΝΙΔΩΝ,4,2,6,4,"ΑΝΤΙΓΩΝΙΔΩΝ,4,ΘΕΣΣΑΛΟΝΙΚΗ",40.63915144682203, 22.939043866682642
21312,ΑΝΤΙΓΩΝΙΔΩΝ,3,1,5,3,"ΑΝΤΙΓΩΝΙΔΩΝ,3,ΘΕΣΣΑΛΟΝΙΚΗ",40.63912373735164, 22.938957286053995
20661,ΦΡΑΓΚΩΝ,14,10,18,9,"ΦΡΑΓΚΩΝ,14,ΘΕΣΣΑΛΟΝΙΚΗ",40.63789092061155, 22.93675188267622
20953,ΦΡΑΓΚΩΝ,9,9,9,4,"ΦΡΑΓΚΩΝ,9,ΘΕΣΣΑΛΟΝΙΚΗ",40.63776320105039, 22.937093864326496
20923,ΦΡΑΓΚΩΝ,13,11,13,8,"ΦΡΑΓΚΩΝ,13,ΘΕΣΣΑΛΟΝΙΚΗ",40.63808735106238, 22.93649039264654
20451,ΦΡΑΓΚΩΝ,24,20,28,19,"ΦΡΑΓΚΩΝ,24,ΘΕΣΣΑΛΟΝΙΚΗ",40.63723348221249, 22.937923942675795
20603,ΦΡΑΓΚΩΝ,19,17,19,9,"ΦΡΑΓΚΩΝ,19,ΘΕΣΣΑΛΟΝΙΚΗ",40.63735290398291, 22.937841294319536
1,ΝΙΚ. ΓΕΡΜΑΝΟΥ,3,1,7,40,"ΝΙΚ. ΓΕΡΜΑΝΟΥ 3,ΘΕΣΣΑΛΟΝΙΚΗ",40.62632798313874, 22.95075931918187
2,ΔΗΜ. ΓΟΥΝΑΡΗ,3,1,5,25,"ΔΗΜ. ΓΟΥΝΑΡΗ 3, ΘΕΣΣΑΛΟΝΙΚΗ",40.627881475593156, 22.947678685739458
3,ΣΤΡ. ΚΑΛΛΑΡΗ,3,1,5,15,"ΣΤΡ. ΚΑΛΛΑΡΗ 5, ΘΕΣΣΑΛΟΝΙΚΗ",40.62821135174349, 22.946910445532744
4,ΜΗΤΡΟΠΟΛΙΤΟΥ ΙΩΣΗΦ,3,1,3,6,"ΜΗΤΡΟΠΟΛΙΤΟΥ ΙΩΣΗΦ 3, ΘΕΣΣΑΛΟΝΙΚΗ",40.62932101745702, 22.945157647540785
5,ΜΗΤΡΟΠΟΛΙΤΟΥ ΙΩΣΗΦ,7,5,9,7,"ΜΗΤΡΟΠΟΛΙΤΟΥ ΙΩΣΗΦ 7 , ΘΕΣΣΑΛΟΝΙΚΗ",40.62989378929739, 22.945815592490362
6,ΜΗΤΡΟΠΟΛΙΤΟΥ ΙΩΣΗΦ,15,11,17,4,"ΜΗΤΡΟΠΟΛΙΤΟΥ ΙΩΣΗΦ 15, ΘΕΣΣΑΛΟΝΙΚΗ",40.630342039425386, 22.946287004488052
7,ΜΗΤΡΟΠΟΛΙΤΟΥ ΙΩΣΗΦ,4,2,6,6,"ΜΗΤΡΟΠΟΛΙΤΟΥ ΙΩΣΗΦ 4, ΘΕΣΣΑΛΟΝΙΚΗ",40.62923395558082, 22.945120803276282
8,ΜΗΤΡΟΠΟΛΙΤΟΥ ΙΩΣΗΦ,12,8,16,10,"ΜΗΤΡΟΠΟΛΙΤΟΥ ΙΩΣΗΦ 12, ΘΕΣΣΑΛΟΝΙΚΗ",40.62974235309988, 22.94570418371564
9,ΜΗΤΡΟΠΟΛΙΤΟΥ ΙΩΣΗΦ,20,18,22,11,"ΜΗΤΡΟΠΟΛΙΤΟΥ ΙΩΣΗΦ 20, ΘΕΣΣΑΛΟΝΙΚΗ",40.63031512265154, 22.946307010189
10,ΒΟΓΑΤΣΙΚΟΥ,5,3,5,6,"ΒΟΓΑΤΣΙΚΟΥ 5, ΘΕΣΣΑΛΟΝΙΚΗ",40.630047018760614, 22.944161120664013
11,ΒΟΓΑΤΣΙΚΟΥ,10,6,12,18,"ΒΟΓΑΤΣΙΚΟΥ 10, ΘΕΣΣΑΛΟΝΙΚΗ",40.63046997228426, 22.94464816959201
12,ΚΑΡΟΛΟΥ ΝΤΗΛ,14,14,16,3,"ΚΑΡΟΛΟΥ ΝΤΗΛ 14, ΘΕΣΣΑΛΟΝΙΚΗ",40.632311143752545, 22.943003981696684
13,ΚΑΡΟΛΟΥ ΝΤΗΛ,13,13,15,6,"ΚΑΡΟΛΟΥ ΝΤΗΛ 13, ΘΕΣΣΑΛΟΝΙΚΗ",40.63219283639907, 22.942907887483997
14,ΠΛΟΥΤΑΡΧΟΥ,2,2,4,4,"ΠΛΟΥΤΑΡΧΟΥ 2 ΘΕΣΣΑΛΟΝΙΚΗ",40.631623152341646, 22.94148957847926
15,ΔΗΜΟΣΘΕΝΟΥΣ,3,3,7,3,"ΔΗΜΟΣΘΕΝΟΥΣ 3, ΘΕΣΣΑΛΟΝΙΚΗ",40.632797142914725, 22.94001872919554
17,ΚΟΜΝΗΝΩΝ,4,2,6,6,"ΚΟΜΝΗΝΩΝ 4, ΘΕΣΣΑΛΟΝΙΚΗ",40.63294860237784, 22.9393247953623
19,ΚΟΜΝΗΝΩΝ,14,12,16,8,"ΚΟΜΝΗΝΩΝ 14, ΘΕΣΣΑΛΟΝΙΚΗ",40.63384117203169, 22.940197854391574
20,ΚΟΜΝΗΝΩΝ,3,3,5,7,"ΚΟΜΝΗΝΩΝ 3, ΘΕΣΣΑΛΟΝΙΚΗ",40.6329984726039, 22.939279197811356
21,ΚΟΜΝΗΝΩΝ,7,7,9,3,"ΚΟΜΝΗΝΩΝ 7, ΘΕΣΣΑΛΟΝΙΚΗ",40.63338522004033, 22.939684211376882
22,ΚΟΜΝΗΝΩΝ,11,11,13,3,"ΚΟΜΝΗΝΩΝ 11, ΘΕΣΣΑΛΟΝΙΚΗ",40.63382590583259, 22.940089224931967
23,ΙΩΝΟΣ ΔΡΑΓOΥΜΗ,11,9,11,3,"IΩΝΟΣ ΔΡΑΓOΥΜΗ 11, ΘΕΣΣΑΛΟΝΙΚΗ",40.63506723863379, 22.93849983011324
24,ΙΩΝΟΣ ΔΡΑΓOΥΜΗ,4,4,6,8,"IΩΝΟΣ ΔΡΑΓOΥΜΗ 4, ΘΕΣΣΑΛΟΝΙΚΗ",40.63484740906441, 22.938415340535176
25,ΜΗΤΡΟΠΟΛΕΩΣ,100,98,102,15,"ΜΗΤΡΟΠΟΛΕΩΣ 100, ΘΕΣΣΑΛΟΝΙΚΗ",40.628240981969824, 22.948729604033588
26,ΜΗΤΡΟΠΟΛΕΩΣ,106,104,108,8,"ΜΗΤΡΟΠΟΛΕΩΣ 106, ΘΕΣΣΑΛΟΝΙΚΗ",40.62792234798911, 22.94925514697401
27,ΜΗΤΡΟΠΟΛΕΩΣ,110,110,112,3,"ΜΗΤΡΟΠΟΛΕΩΣ 110, ΘΕΣΣΑΛΟΝΙΚΗ",40.627574824335795, 22.949902713599275
28,ΜΗΤΡΟΠΟΛΕΩΣ,129,125,131,14,"ΜΗΤΡΟΠΟΛΕΩΣ 129, ΘΕΣΣΑΛΟΝΙΚΗ",40.6279167733282, 22.94937485216122
29,ΠΛ. ΙΠΠΟΔΡΟΜΙΟΥ,7,1,11,22,"ΠΛ. ΙΠΠΟΔΡΟΜΙΟΥ 7, ΘΕΣΣΑΛΟΝΙΚΗ",40.629715141529374, 22.95040923072743
30,ΠΛ. ΙΠΠΟΔΡΟΜΙΟΥ,17,13,17,16,"ΠΛ. ΙΠΠΟΔΡΟΜΙΟΥ 17, ΘΕΣΣΑΛΟΝΙΚΗ",40.63021112216479, 22.950976471511392
31,ΠΛ. ΙΠΠΟΔΡΟΜΙΟΥ,21,19,21,10,"ΠΛ. ΙΠΠΟΔΡΟΜΙΟΥ 21, ΘΕΣΣΑΛΟΝΙΚΗ",40.630701271400994, 22.951455929503442
32,ΠΛ. ΙΠΠΟΔΡΟΜΙΟΥ,6,2,10,22,"ΠΛ. ΙΠΠΟΔΡΟΜΙΟΥ 6, ΘΕΣΣΑΛΟΝΙΚΗ",40.62966343340819, 22.95061612517601
33,ΠΛ. ΙΠΠΟΔΡΟΜΙΟΥ,14,12,18,15,"ΠΛ. ΙΠΠΟΔΡΟΜΙΟΥ 14, ΘΕΣΣΑΛΟΝΙΚΗ",40.630012606781605, 22.95096931872107
246,ΠΛ. ΙΠΠΟΔΡΟΜΙΟΥ,22,20,24,11,"ΠΛ. ΙΠΠΟΔΡΟΜΙΟΥ,22, ΘΕΣΣΑΛΟΝΙΚΗ",40.630565194722706, 22.95153630400456
34,ΚΑΜΒΟΥΝΙΩΝ,6,2,6,9,"ΚΑΜΒΟΥΝΙΩΝ 6, ΘΕΣΣΑΛΟΝΙΚΗ",40.63083455395615, 22.952082104631
35,ΚΑΜΒΟΥΝΙΩΝ,8,8,8,6,"ΚΑΜΒΟΥΝΙΩΝ 8, ΘΕΣΣΑΛΟΝΙΚΗ",40.63109006277939, 22.95249265186993
36,ΚΑΜΒΟΥΝΙΩΝ,5,1,11,14,"ΚΑΜΒΟΥΝΙΩΝ 7, ΘΕΣΣΑΛΟΝΙΚΗ",40.631049777177566, 22.952360585427467
37,ΑΓΑΠΗΝΟΥ,5,1,7,6,"ΑΓΑΠΗΝΟΥ 5, ΘΕΣΣΑΛΟΝΙΚΗ",40.63115949876132, 22.95169677648318
38,ΑΓΑΠΗΝΟΥ,4,2,8,8,"ΑΓΑΠΗΝΟΥ 4, ΘΕΣΣΑΛΟΝΙΚΗ",40.63109815771639, 22.951715949814723
39,ΛΟΡΔΟΥ ΒΥΡΩΝΟΣ,6,6,6,11,"ΛΟΡΔΟΥ ΒΥΡΩΝΟΣ 6, ΘΕΣΣΑΛΟΝΙΚΗ",40.63003900961654, 22.948293588882898
40,ΛΟΡΔΟΥ ΒΥΡΩΝΟΣ,3,3,3,10,"ΛΟΡΔΟΥ ΒΥΡΩΝΟΣ 3, ΘΕΣΣΑΛΟΝΙΚΗ",40.630067508134175, 22.948256037957464
41,ΑΠΕΛΛΟΥ,4,2,4,4,"ΑΠΕΛΛΟΥ 4, ΘΕΣΣΑΛΟΝΙΚΗ",40.631182658041276, 22.94961186550207
42,ΑΠΕΛΛΟΥ,5,3,7,4,"ΑΠΕΛΛΟΥ 5, ΘΕΣΣΑΛΟΝΙΚΗ",40.631119555216294, 22.949484460574194
43,ΓΡ. ΠΑΛΑΜΑ,15,15,17,8,"ΓΡ. ΠΑΛΑΜΑ 15, ΘΕΣΣΑΛΟΝΙΚΗ",40.63090312001403, 22.947716913947424
44,ΓΡ. ΠΑΛΑΜΑ,14,14,16,5,"ΓΡ. ΠΑΛΑΜΑ 14, ΘΕΣΣΑΛΟΝΙΚΗ",40.630876657435664, 22.947774581440125
45,ΣΠΥΡΟΥ ΛΟΥΗ,1,1,3,7,"ΣΠΥΡΟΥ ΛΟΥΗ 1, ΘΕΣΣΑΛΟΝΙΚΗ",40.63138656912594, 22.94859533739412
46,ΣΠΥΡΟΥ ΛΟΥΗ,6,6,8,6,"ΣΠΥΡΟΥ ΛΟΥΗ 6, ΘΕΣΣΑΛΟΝΙΚΗ",40.63138758691033, 22.948650322678404
47,ΣΚΡΑ,3,3,5,13,"ΣΚΡΑ 3, ΘΕΣΣΑΛΟΝΙΚΗ",40.632445441101325, 22.948523583399304
48,ΣΚΡΑ,4,4,6,8,"ΣΚΡΑ 4, ΘΕΣΣΑΛΟΝΙΚΗ",40.632496329470875, 22.948491396900984
49,ΜΑΚΕΝΖΙ ΚΙΝΓΚ,0,0,0,24,"ΜΑΚΕΝΖΙ ΚΙΝΓΚ, ΘΕΣΣΑΛΟΝΙΚΗ",40.632388965870966, 22.947427521318474
50,ΓΕΩΡ. ΧΑΡΑΛΑΜΠΟΥΣ ΚΥΠΡΙΟΥ,6,6,8,11,"ΓΕΩΡ. ΧΑΡΑΛΑΜΠΟΥΣ ΚΥΠΡΙΟΥ 6, ΘΕΣΣΑΛΟΝΙΚΗ",40.63319107020994, 22.948421044923304
51,ΓΕΩΡ. ΧΑΡΑΛΑΜΠΟΥΣ ΚΥΠΡΙΟΥ,3,3,5,10,"ΓΕΩΡ. ΧΑΡΑΛΑΜΠΟΥΣ ΚΥΠΡΙΟΥ 3, ΘΕΣΣΑΛΟΝΙΚΗ",40.6331961589927, 22.94835398970187
52,ΠΑΤΡΙΑΡΧΟΥ ΙΩΑΚΕΙΜ,7,5,7,22,"ΠΑΤΡΙΑΡΧΟΥ ΙΩΑΚΕΙΜ 7, ΘΕΣΣΑΛΟΝΙΚΗ",40.63285604738178, 22.948258058697242
53,ΠΑΤΡΙΑΡΧΟΥ ΙΩΑΚΕΙΜ,8,6,8,16,"ΠΑΤΡΙΑΡΧΟΥ ΙΩΑΚΕΙΜ 8, ΘΕΣΣΑΛΟΝΙΚΗ",40.63281653479542, 22.94834594307633
54,ΣΤΕΦΑΝΟΥ ΤΑΤΤΗ,6,4,6,14,"ΣΤΕΦΑΝΟΥ ΤΑΤΤΗ 6, ΘΕΣΣΑΛΟΝΙΚΗ",40.63338344867272, 22.947778548233266
55,ΣΤΕΦΑΝΟΥ ΤΑΤΤΗ,3,3,6,10,"ΣΤΕΦΑΝΟΥ ΤΑΤΤΗ 3, ΘΕΣΣΑΛΟΝΙΚΗ",40.63343696463655, 22.947745593816126
56,ΠΡΑΣΑΚΑΚΗ,9,9,11,14,"ΠΡΑΣΑΚΑΚΗ 9, ΘΕΣΣΑΛΟΝΙΚΗ",40.633718793603386, 22.94722900344968
57,ΠΡΑΣΑΚΑΚΗ,6,6,8,14,"ΠΡΑΣΑΚΑΚΗ 6, ΘΕΣΣΑΛΟΝΙΚΗ",40.633707857341456, 22.94730468062323
58,ΙΩΝΟΣ ΔΡΑΓOΥΜΗ,22,20,22,6,"ΙΩΝΟΣ ΔΡΑΓOΥΜΗ 22, ΘΕΣΣΑΛΟΝΙΚΗ",40.63707089831773, 22.94046345637432
60,ΒΑΣ. ΗΡΑΚΛΕΙΟΥ,18,18,20,7,"ΒΑΣ. ΗΡΑΚΛΕΙΟΥ 18, ΘΕΣΣΑΛΟΝΙΚΗ",40.635810147851224, 22.93970877320047
62,ΜΑΚΕΝΖΙ ΚΙΝΓΚ,14,14,16,12,"ΜΑΚΕΝΖΙ ΚΙΝΓΚ,14, ΘΕΣΣΑΛΟΝΙΚΗ",40.63263065264446, 22.946586770287542
63,ΝΙΚ. ΚΟΥΚΟΥΦΛΗ,4,4,8,13,"ΝΙΚ. ΚΟΥΚΟΥΦΛΗ 4, ΘΕΣΣΑΛΟΝΙΚΗ",40.63349163471267, 22.947442383800055
64,ΑΛ. ΣΒΩΛΟΥ,10,2,16,13,"ΑΛ. ΣΒΩΛΟΥ 10, ΘΕΣΣΑΛΟΝΙΚΗ",40.63215555308919, 22.94813590342169
65,ΑΛ. ΣΒΩΛΟΥ,28,18,34,10,"ΑΛ. ΣΒΩΛΟΥ 28, ΘΕΣΣΑΛΟΝΙΚΗ",40.63115789955123, 22.94987208501865
66,ΑΛ. ΣΒΩΛΟΥ,46,40,48,12,"ΑΛ. ΣΒΩΛΟΥ 46, ΘΕΣΣΑΛΟΝΙΚΗ",40.63022096266423, 22.95161480336344
67,ΑΛ. ΣΒΩΛΟΥ,9,1,15,7,"ΑΛ. ΣΒΩΛΟΥ 9, ΘΕΣΣΑΛΟΝΙΚΗ",40.632028969741064, 22.948433997257556
68,ΑΛ. ΣΒΩΛΟΥ,25,17,33,10,"ΑΛ. ΣΒΩΛΟΥ 25, ΘΕΣΣΑΛΟΝΙΚΗ",40.63140309846236, 22.94952717753488
69,ΑΛ. ΣΒΩΛΟΥ,45,41,49,3,"ΑΛ. ΣΒΩΛΟΥ 45, ΘΕΣΣΑΛΟΝΙΚΗ",40.630248360107906, 22.95163706787604
70,ΙΩΑΝΝΟΥ ΜΙΧΑΗΛ,6,2,10,9,"ΙΩΑΝΝΟΥ ΜΙΧΑΗΛ 6, ΘΕΣΣΑΛΟΝΙΚΗ",40.63167785311067, 22.950436630818082
71,ΙΩΑΝΝΟΥ ΜΙΧΑΗΛ,7,5,9,5,"ΙΩΑΝΝΟΥ ΜΙΧΑΗΛ 7, ΘΕΣΣΑΛΟΝΙΚΗ",40.63168395978912, 22.950562694641146
72,ΙΩΑΝΝΟΥ ΜΙΧΑΗΛ,14,12,16,6,"ΙΩΑΝΝΟΥ ΜΙΧΑΗΛ 14, ΘΕΣΣΑΛΟΝΙΚΗ",40.63117964819966, 22.951359310712018
73,ΙΩΑΝΝΟΥ ΜΙΧΑΗΛ,13,11,15,7,"ΙΩΑΝΝΟΥ ΜΙΧΑΗΛ 13, ΘΕΣΣΑΛΟΝΙΚΗ",40.631253437721305, 22.951341876353734
74,ΔΗΜ. ΜΑΡΓΑΡΙΤΗ,2,2,4,7,"ΔΗΜ. ΜΑΡΓΑΡΙΤΗ 2, ΘΕΣΣΑΛΟΝΙΚΗ",40.63008720641022, 22.951229646347546
75,ΔΗΜ. ΜΑΡΓΑΡΙΤΗ,11,9,11,8,"ΔΗΜ. ΜΑΡΓΑΡΙΤΗ 11, ΘΕΣΣΑΛΟΝΙΚΗ",40.629456787081565, 22.952387635208773
76,ΑΛ. ΣΒΩΛΟΥ,55,53,57,11,"ΑΛ. ΣΒΩΛΟΥ 55, ΘΕΣΣΑΛΟΝΙΚΗ",40.629688915122635, 22.952685490510707
77,ΑΛ. ΣΒΩΛΟΥ,54,50,56,8,"ΑΛ. ΣΒΩΛΟΥ 54, ΘΕΣΣΑΛΟΝΙΚΗ",40.6295602303329, 22.952847526108474
78,ΜΑΝΟΥΣΟΓΙΑΝΝΑΚΗ,12,10,16,9,"ΜΑΝΟΥΣΟΓΙΑΝΝΑΚΗ 12, ΘΕΣΣΑΛΟΝΙΚΗ",40.62846437512294, 22.951528372723498
79,ΜΑΝΟΥΣΟΓΙΑΝΝΑΚΗ,9,7,11,7,"ΜΑΝΟΥΣΟΓΙΑΝΝΑΚΗ 9, ΘΕΣΣΑΛΟΝΙΚΗ",40.62837133651354, 22.951800362394902
80,ΜΑΝΟΥΣΟΓΙΑΝΝΑΚΗ,15,13,19,9,"ΜΑΝΟΥΣΟΓΙΑΝΝΑΚΗ 15, ΘΕΣΣΑΛΟΝΙΚΗ",40.628122985558605, 22.95228718333329
81,ΜΑΝΟΥΣΟΓΙΑΝΝΑΚΗ,24,20,26,9,"ΜΑΝΟΥΣΟΓΙΑΝΝΑΚΗ 24, ΘΕΣΣΑΛΟΝΙΚΗ",40.628018564767345, 22.952382656291842
82,ΓΕΩΡ. ΘΕΟΤΟΚΑ,5,3,9,11,"ΓΕΩΡ. ΘΕΟΤΟΚΑ 5, ΘΕΣΣΑΛΟΝΙΚΗ",40.627404297264775, 22.95174975616817
83,ΓΕΩΡ. ΘΕΟΤΟΚΑ,0,0,0,11,"ΓΕΩΡ. ΘΕΟΤΟΚΑ, ΘΕΣΣΑΛΟΝΙΚΗ",40.62736536579667, 22.952341082052765
87,ΔΕΣΠΕΡΑΙ,6,2,12,30,"ΔΕΣΠΕΡΑΙ 6, ΘΕΣΣΑΛΟΝΙΚΗ",40.62797790912156, 22.9527343745827
88,ΔΕΣΠΕΡΑΙ,22,14,28,23,"ΔΕΣΠΕΡΑΙ 22, ΘΕΣΣΑΛΟΝΙΚΗ",40.62896265807135, 22.952731021812443
89,ΔΕΣΠΕΡΑΙ,3,1,5,6,"ΔΕΣΠΕΡΑΙ 3, ΘΕΣΣΑΛΟΝΙΚΗ",40.627642199893415, 22.9526771981385
90,ΔΕΣΠΕΡΑΙ,15,7,27,23,"ΔΕΣΠΕΡΑΙ 15, ΘΕΣΣΑΛΟΝΙΚΗ",40.628676063880015, 22.952686921151752
91,ΔΙΑΛΕΤΤΗ,21,15,25,15,"ΔΙΑΛΕΤΤΗ 21, ΘΕΣΣΑΛΟΝΙΚΗ",40.62866382535378, 22.952314089710164
92,ΔΙΑΛΕΤΤΗ,16,12,18,12,"ΔΙΑΛΕΤΤΗ 16, ΘΕΣΣΑΛΟΝΙΚΗ",40.62846680427939, 22.952198923070448
93,ΣΤΡ. ΔΑΓΚΛΗ,11,5,15,15,"ΣΤΡ. ΔΑΓΚΛΗ 11, ΘΕΣΣΑΛΟΝΙΚΗ",40.6281501158544, 22.95130710926889
94,ΣΤΡ. ΔΑΓΚΛΗ,21,17,29,20,"ΣΤΡ. ΔΑΓΚΛΗ 21, ΘΕΣΣΑΛΟΝΙΚΗ",40.62888407726161, 22.95200838869052
95,ΟΛΥΜΠΟΥ,58,54,62,20,"ΟΛΥΜΠΟΥ 58,ΘΕΣΣΑΛΟΝΙΚΗ",40.63959613780079, 22.943489311392188
96,ΟΛΥΜΠΟΥ,72,66,76,14,"ΟΛΥΜΠΟΥ 72,ΘΕΣΣΑΛΟΝΙΚΗ",40.63906238840705, 22.94454707089964
97,ΟΛΥΜΠΟΥ,61,57,64,10,"ΟΛΥΜΠΟΥ 61,ΘΕΣΣΑΛΟΝΙΚΗ",40.63913384036847, 22.944483261675067
98,ΟΛΥΜΠΟΥ,80,78,82,6,"ΟΛΥΜΠΟΥ 80,ΘΕΣΣΑΛΟΝΙΚΗ",40.63867603357604, 22.94530017458612
99,ΟΛΥΜΠΟΥ,69,67,71,4,"ΟΛΥΜΠΟΥ 69,ΘΕΣΣΑΛΟΝΙΚΗ",40.63869481305933, 22.945343186288614
100,ΟΛΥΜΠΟΥ,77,73,81,23,"ΟΛΥΜΠΟΥ 77,ΘΕΣΣΑΛΟΝΙΚΗ",40.638292494708416, 22.94614564052859
20781,ΟΛΥΜΠΟΥ,90,84,96,28,"ΟΛΥΜΠΟΥ 90,ΘΕΣΣΑΛΟΝΙΚΗ",40.63799787608868, 22.946573452857514
252,ΟΛΥΜΠΟΥ,96,94,98,8,"ΟΛΥΜΠΟΥ 96,ΘΕΣΣΑΛΟΝΙΚΗ",40.63765949558227, 22.947241322907583
102,ΟΛΥΜΠΟΥ,91,87,95,11,"ΟΛΥΜΠΟΥ 91,ΘΕΣΣΑΛΟΝΙΚΗ",40.63727847587184, 22.948020461676354
255,ΟΛΥΜΠΟΥ,94,90,96,11,"ΟΛΥΜΠΟΥ 94,ΘΕΣΣΑΛΟΝΙΚΗ",40.63720987741855, 22.948047419904384
103,ΟΛΥΜΠΟΥ,100,100,100,6,"ΟΛΥΜΠΟΥ 100,ΘΕΣΣΑΛΟΝΙΚΗ",40.63693306375994, 22.94853289975306
104,ΟΛΥΜΠΟΥ,108,102,110,10,"ΟΛΥΜΠΟΥ 108,ΘΕΣΣΑΛΟΝΙΚΗ",40.636497228860506, 22.949441729795147
256,ΟΛΥΜΠΟΥ,114,110,118,14,"ΟΛΥΜΠΟΥ 108,ΘΕΣΣΑΛΟΝΙΚΗ",40.63606120908991, 22.950257332514433
105,ΟΛΥΜΠΟΥ,107,101,111,14,"ΟΛΥΜΠΟΥ 107,ΘΕΣΣΑΛΟΝΙΚΗ",40.6360412311167, 22.95037873897356
106,ΟΛΥΜΠΟΥ,119,113,123,9,"ΟΛΥΜΠΟΥ 119,ΘΕΣΣΑΛΟΝΙΚΗ",40.63552496958299, 22.95137415687854
108,ΟΛΥΜΠΟΥ,122,118,126,24,"ΟΛΥΜΠΟΥ 122,ΘΕΣΣΑΛΟΝΙΚΗ",40.63550080719311, 22.951341320235244
109,ΟΛΥΜΠΟΥ,134,128,138,18,"ΟΛΥΜΠΟΥ 134,ΘΕΣΣΑΛΟΝΙΚΗ",40.63490225140329, 22.95243285074402
110,ΟΛΥΜΠΟΥ,127,125,129,18,"ΟΛΥΜΠΟΥ 127,ΘΕΣΣΑΛΟΝΙΚΗ",40.63500262231837, 22.952336399362753
111,ΟΛΥΜΠΟΥ,99,97,99,4,"ΟΛΥΜΠΟΥ 99,ΘΕΣΣΑΛΟΝΙΚΗ",40.63691678056821, 22.948739429834262
112,ΜΠΑΛΤΑΔΩΡΟΥ,7,1,11,13,"ΜΠΑΛΤΑΔΩΡΟΥ 7, ΘΕΣΣΑΛΟΝΙΚΗ",40.63916883304847, 22.9431630641388
113,ΜΗΤΣΑΙΩΝ,3,1,5,7,"ΜΗΤΣΑΙΩΝ,3 ΘΕΣΣΑΛΟΝΙΚΗ",40.637058033725545, 22.9469739608478
114,ΑΛ. ΔΕΛΜΟΥΖΟΥ,3,1,5,14,"ΑΛ. ΔΕΛΜΟΥΖΟΥ 3, ΘΕΣΣΑΛΟΝΙΚΗ",40.63579092698542, 22.948928121310303
115,ΑΡΜΕΝΟΠΟΥΛΟΥ,2,2,4,9,"ΑΡΜΕΝΟΠΟΥΛΟΥ 2, ΘΕΣΣΑΛΟΝΙΚΗ",40.634942650500015, 22.95125403132498
116,ΑΡΜΕΝΟΠΟΥΛΟΥ,11,5,17,19,"ΑΡΜΕΝΟΠΟΥΛΟΥ 11, ΘΕΣΣΑΛΟΝΙΚΗ",40.634502509792874, 22.952178018540696
117,ΑΡΜΕΝΟΠΟΥΛΟΥ,16,6,24,19,"ΑΡΜΕΝΟΠΟΥΛΟΥ 16, ΘΕΣΣΑΛΟΝΙΚΗ",40.63438957424705, 22.952279950730656
118,ΑΡΜΕΝΟΠΟΥΛΟΥ,27,21,31,12,"ΑΡΜΕΝΟΠΟΥΛΟΥ 27, ΘΕΣΣΑΛΟΝΙΚΗ",40.633634779987105, 22.953849300944725
119,ΑΡΜΕΝΟΠΟΥΛΟΥ,30,26,34,12,"ΑΡΜΕΝΟΠΟΥΛΟΥ 30, ΘΕΣΣΑΛΟΝΙΚΗ",40.633556875129045, 22.953924199123364
120,ΑΡΜΕΝΟΠΟΥΛΟΥ,0,0,0,17,"ΑΡΜΕΝΟΠΟΥΛΟΥ 0, ΘΕΣΣΑΛΟΝΙΚΗ",40.63308615144097, 22.954808638377237
121,ΦΛΩΡΙΝΗΣ,6,6,6,4,"ΦΛΩΡΙΝΗΣ 6, ΘΕΣΣΑΛΟΝΙΚΗ",40.63635909564884, 22.950783038377473
122,ΠΑΝΑΓΙΑΣ ΔΕΞΙΑΣ,5,5,5,4,"ΠΑΝΑΓΙΑΣ ΔΕΞΙΑΣ 5, ΘΕΣΣΑΛΟΝΙΚΗ",40.63207343851971, 22.952723806466956
123,ΦΙΛΙΠΠΟΥ,55,53,55,20,"ΦΙΛΙΠΠΟΥ 55, ΘΕΣΣΑΛΟΝΙΚΗ",40.63600190389393, 22.947875242657314
258,ΦΙΛΙΠΠΟΥ,47,43,51,14,"ΦΙΛΙΠΠΟΥ 47, ΘΕΣΣΑΛΟΝΙΚΗ",40.636535407066475, 22.946926581760675
124,ΦΙΛΙΠΠΟΥ,38,34,40,14,"ΦΙΛΙΠΠΟΥ 38, ΘΕΣΣΑΛΟΝΙΚΗ",40.63638163755937, 22.947095007319103
257,ΦΙΛΙΠΠΟΥ,44,42,46,6,"ΦΙΛΙΠΠΟΥ 44, ΘΕΣΣΑΛΟΝΙΚΗ",40.63596071842437, 22.94785019198522
125,ΦΙΛΙΠΠΟΥ,55,57,69,18,"ΦΙΛΙΠΠΟΥ 55, ΘΕΣΣΑΛΟΝΙΚΗ",40.63548775357933, 22.948835201042016
126,ΦΙΛΙΠΠΟΥ,54,48,58,18,"ΦΙΛΙΠΠΟΥ 54, ΘΕΣΣΑΛΟΝΙΚΗ",40.63545564909094, 22.948801653324303
127,ΦΙΛΙΠΠΟΥ,75,71,77,19,"ΦΙΛΙΠΠΟΥ 75, ΘΕΣΣΑΛΟΝΙΚΗ",40.63498480292124,22.949749806467157
128,ΦΙΛΙΠΠΟΥ,64,60,68,10,"ΦΙΛΙΠΠΟΥ 64, ΘΕΣΣΑΛΟΝΙΚΗ",40.634965803538954, 22.949715872832513
129,ΦΙΛΙΠΠΟΥ,87,79,93,23,"ΦΙΛΙΠΠΟΥ 87, ΘΕΣΣΑΛΟΝΙΚΗ",40.634356092837635, 22.950861371607676
130,ΦΙΛΙΠΠΟΥ,74,70,76,18,"ΦΙΛΙΠΠΟΥ 74, ΘΕΣΣΑΛΟΝΙΚΗ",40.63417944206769, 22.951093898134946
131,ΦΙΛΙΠΠΟΥ,99,95,105,17,"ΦΙΛΙΠΠΟΥ 99, ΘΕΣΣΑΛΟΝΙΚΗ",40.63380688263996, 22.951933507831228
132,ΦΙΛΙΠΠΟΥ,84,78,88,23,"ΦΙΛΙΠΠΟΥ 84, ΘΕΣΣΑΛΟΝΙΚΗ",40.63375038366373, 22.95194703900383
133,ΙΟΥΣΤΙΝΙΑΝΟΥ,7,3,11,10,"ΙΟΥΣΤΙΝΙΑΝΟΥ 7, ΘΕΣΣΑΛΟΝΙΚΗ",40.637994743531976, 22.942395473888656
134,ΙΟΥΣΤΙΝΙΑΝΟΥ,4,2,8,8,"ΙΟΥΣΤΙΝΙΑΝΟΥ 4, ΘΕΣΣΑΛΟΝΙΚΗ",40.63798990953546, 22.942315678179778
247,ΙΟΥΣΤΙΝΙΑΝΟΥ,17,13,23,10,"ΙΟΥΣΤΙΝΙΑΝΟΥ 17, ΘΕΣΣΑΛΟΝΙΚΗ",40.63758445002442, 22.9430976886082
135,ΙΟΥΣΤΙΝΙΑΝΟΥ,16,10,20,13,"ΙΟΥΣΤΙΝΙΑΝΟΥ 16, ΘΕΣΣΑΛΟΝΙΚΗ",40.6374584456742, 22.943274204135623
136,ΙΟΥΣΤΙΝΙΑΝΟΥ,26,22,30,12,"ΙΟΥΣΤΙΝΙΑΝΟΥ 26, ΘΕΣΣΑΛΟΝΙΚΗ",40.63570751595466, 22.946506769661017
137,ΙΟΥΣΤΙΝΙΑΝΟΥ,29,25,33,16,"ΙΟΥΣΤΙΝΙΑΝΟΥ 31, ΘΕΣΣΑΛΟΝΙΚΗ",40.635751314204946, 22.946515323236575
139,ΠΑΤΡΙΑΡΧΟΥ ΔΙΟΝΥΣΙΟΥ,3,1,3,5,"ΠΑΤΡΙΑΡΧΟΥ ΔΙΟΝΥΣΙΟΥ 3,ΘΕΣΣΑΛΟΝΙΚΗ",40.63545344891537, 22.947644307691085
140,ΠΑΤΡΙΑΡΧΟΥ ΔΙΟΝΥΣΙΟΥ,4,2,4,10,"ΠΑΤΡΙΑΡΧΟΥ ΔΙΟΝΥΣΙΟΥ 4,ΘΕΣΣΑΛΟΝΙΚΗ",40.63563146411826, 22.947231796664777
141,ΣΤΡ. ΜΑΚΡΥΓΙΑΝΝΗ,6,2,8,17,"ΣΤΡ. ΜΑΚΡΥΓΙΑΝΝΗ 6, ΘΕΣΣΑΛΟΝΙΚΗ",40.63449465347137, 22.948687533755468
142,ΣΤΡ. ΜΑΚΡΥΓΙΑΝΝΗ,3,1,3,6,"ΣΤΡ. ΜΑΚΡΥΓΙΑΝΝΗ 3, ΘΕΣΣΑΛΟΝΙΚΗ",40.63449722368473, 22.948789421477773
143,ΣΤΡ. ΜΑΚΡΥΓΙΑΝΝΗ,13,5,19,22,"ΣΤΡ. ΜΑΚΡΥΓΙΑΝΝΗ 13, ΘΕΣΣΑΛΟΝΙΚΗ",40.63398606415846, 22.94969941443606
144,ΣΤΡ. ΜΑΚΡΥΓΙΑΝΝΗ,18,10,24,25,"ΣΤΡ. ΜΑΚΡΥΓΙΑΝΝΗ 18, ΘΕΣΣΑΛΟΝΙΚΗ",40.63398299902506, 22.949632047682012
145,ΤΟΣΙΤΣΑ,7,1,9,17,"ΤΟΣΙΤΣΑ 7, ΘΕΣΣΑΛΟΝΙΚΗ",40.63860975730985, 22.944182415742542
146,ΤΟΣΙΤΣΑ,8,2,14,14,"ΤΟΣΙΤΣΑ 8, ΘΕΣΣΑΛΟΝΙΚΗ",40.638632146129545, 22.944485505344016
147,ΤΑΣΚΟΥ ΠΑΠΑΓΕΩΡΓΙΟΥ,3,1,5,36,"ΤΑΣΚΟΥ ΠΑΠΑΓΕΩΡΓΙΟΥ 3, ΘΕΣΣΑΛΟΝΙΚΗ",40.63929664651594, 22.9450386808456
149,ΑΜΥΝΤΑ,10,2,18,17,"ΑΜΥΝΤΑ 10, ΘΕΣΣΑΛΟΝΙΚΗ",40.636829703144734, 22.94753264168043
150,ΑΜΥΝΤΑ,7,1,11,23,"ΑΜΥΝΤΑ 7, ΘΕΣΣΑΛΟΝΙΚΗ",40.63702510144235, 22.947450834306064
152,ΠΕΛΟΠΟΝΝΗΣΟΥ,8,2,12,17,"ΠΕΛΟΠΟΝΝΗΣΟΥ 8, ΘΕΣΣΑΛΟΝΙΚΗ",40.6376553079377, 22.948040920245806
151,ΠΕΛΟΠΟΝΝΗΣΟΥ,7,1,11,15,"ΠΕΛΟΠΟΝΝΗΣΟΥ 7, ΘΕΣΣΑΛΟΝΙΚΗ",40.63770282231759, 22.94812234197955
153,ΣΥΝΤΑΓΜΑΤΑΡΧΟΥ ΑΒΔΕΛΛΑ,4,2,8,16,"ΣΥΝΤΑΓΜΑΤΑΡΧΟΥ ΑΒΔΕΛΛΑ 4, ΘΕΣΣΑΛΟΝΙΚΗ",40.63602461913733, 22.94917853206823
154,ΣΥΝΤΑΓΜΑΤΑΡΧΟΥ ΑΒΔΕΛΛΑ,5,1,9,15,"ΣΥΝΤΑΓΜΑΤΑΡΧΟΥ ΑΒΔΕΛΛΑ 5, ΘΕΣΣΑΛΟΝΙΚΗ",40.636070240043786, 22.949211489531564
156,ΛΕΩΝΙΔΑ ΙΑΣΩΝΙΔΟΥ,2,2,4,16,"ΛΕΩΝΙΔΑ ΙΑΣΩΝΙΔΟΥ 2, ΘΕΣΣΑΛΟΝΙΚΗ",40.63250181363653, 22.950958335914827
157,ΛΕΩΝΙΔΑ ΙΑΣΩΝΙΔΟΥ,9,7,13,13,"ΛΕΩΝΙΔΑ ΙΑΣΩΝΙΔΟΥ 9, ΘΕΣΣΑΛΟΝΙΚΗ",40.63404925363071, 22.950447526499822
159,ΛΕΩΝΙΔΑ ΙΑΣΩΝΙΔΟΥ,18,10,24,11,"ΛΕΩΝΙΔΑ ΙΑΣΩΝΙΔΟΥ 18, ΘΕΣΣΑΛΟΝΙΚΗ",40.63525190954517, 22.950128629288212
160,ΛΕΩΝΙΔΑ ΙΑΣΩΝΙΔΟΥ,19,15,27,24,"ΛΕΩΝΙΔΑ ΙΑΣΩΝΙΔΟΥ 19, ΘΕΣΣΑΛΟΝΙΚΗ",40.63529584632111, 22.950035122094732
161,ΛΕΩΝΙΔΑ ΙΑΣΩΝΙΔΟΥ,32,26,38,18,"ΛΕΩΝΙΔΑ ΙΑΣΩΝΙΔΟΥ 32, ΘΕΣΣΑΛΟΝΙΚΗ",40.63670133964072, 22.94968784773963
162,ΛΕΩΝΙΔΑ ΙΑΣΩΝΙΔΟΥ,35,29,41,16,"ΛΕΩΝΙΔΑ ΙΑΣΩΝΙΔΟΥ 35, ΘΕΣΣΑΛΟΝΙΚΗ",40.63725386905559, 22.94946446352678
163,ΝΙΚ. ΣΚΛΑΒΟΥ,3,1,5,6,"ΝΙΚ. ΣΚΛΑΒΟΥ 3, ΘΕΣΣΑΛΟΝΙΚΗ",40.63502003170234, 22.95059421475261
164,ΝΙΚ. ΣΚΛΑΒΟΥ,4,2,6,6,"ΝΙΚ. ΣΚΛΑΒΟΥ 4, ΘΕΣΣΑΛΟΝΙΚΗ",40.634985404147365, 22.950665041860542
165,ΜΑΝΩΛΑΚΗ ΚΥΡΙΑΚΟΥ,3,1,7,10,"ΜΑΝΩΛΑΚΗ ΚΥΡΙΑΚΟΥ 3, ΘΕΣΣΑΛΟΝΙΚΗ",40.63436586272419,22.952961446362167
166,ΜΑΝΩΛΑΚΗ ΚΥΡΙΑΚΟΥ,4,2,8,12,"ΜΑΝΩΛΑΚΗ ΚΥΡΙΑΚΟΥ 4, ΘΕΣΣΑΛΟΝΙΚΗ",40.63438893914491, 22.952994951520182
167,ΜΑΝΩΛΑΚΗ ΚΥΡΙΑΚΟΥ,11,9,13,22,"ΜΑΝΩΛΑΚΗ ΚΥΡΙΑΚΟΥ 11, ΘΕΣΣΑΛΟΝΙΚΗ",40.63532401094465, 22.952788327069914
168,ΜΑΝΩΛΑΚΗ ΚΥΡΙΑΚΟΥ,14,10,18,16,"ΜΑΝΩΛΑΚΗ ΚΥΡΙΑΚΟΥ 14, ΘΕΣΣΑΛΟΝΙΚΗ",40.635359631273325, 22.952845994556498
169,ΕΠΙΣΚΟΠΟΥ ΚΙΤΡΟΥΣ ΝΙΚΟΛΑΟΥ,5,3,7,11,"ΕΠΙΣΚΟΠΟΥ ΚΙΤΡΟΥΣ ΝΙΚΟΛΑΟΥ 5, ΘΕΣΣΑΛΟΝΙΚΗ",40.63231504787888, 22.953063430434266
170,ΕΠΙΣΚΟΠΟΥ ΚΙΤΡΟΥΣ ΝΙΚΟΛΑΟΥ,6,2,8,11,"ΕΠΙΣΚΟΠΟΥ ΚΙΤΡΟΥΣ ΝΙΚΟΛΑΟΥ 6, ΘΕΣΣΑΛΟΝΙΚΗ",40.63231199457089, 22.953125121237324
171,ΠΑΤΡΙΑΡΧΟΥ ΙΩΑΚΕΙΜ,29,29,29,4,"ΠΑΤΡΙΑΡΧΟΥ ΙΩΑΚΕΙΜ 29, ΘΕΣΣΑΛΟΝΙΚΗ",40.63318619663196, 22.951773109235525
172,ΦΩΤΑΚΟΥ,5,1,7,10,"ΦΩΤΑΚΟΥ 5, ΘΕΣΣΑΛΟΝΙΚΗ",40.635224233674656, 22.953340737765412
173,ΑΠΟΣΤΟΛΟΥ ΠΑΥΛΟΥ,11,9,15,8,"ΑΠΟΣΤΟΛΟΥ ΠΑΥΛΟΥ 11, ΘΕΣΣΑΛΟΝΙΚΗ",40.635060590482475, 22.95401840833206
174,ΑΠΟΣΤΟΛΟΥ ΠΑΥΛΟΥ,18,16,20,6,"ΑΠΟΣΤΟΛΟΥ ΠΑΥΛΟΥ 18, ΘΕΣΣΑΛΟΝΙΚΗ",40.63502267112373, 22.954049892774695
175,ΚΩΝΣΤΑΝΤΙΝΟΥ ΜΕΛΕΝΙΚΟΥ,42,40,46,8,"ΚΩΝΣΤΑΝΤΙΝΟΥ ΜΕΛΕΝΙΚΟΥ 42, ΘΕΣΣΑΛΟΝΙΚΗ",40.63483356094724, 22.953835470078975
176,ΚΩΝΣΤΑΝΤΙΝΟΥ ΜΕΛΕΝΙΚΟΥ,34,32,38,8,"ΚΩΝΣΤΑΝΤΙΝΟΥ ΜΕΛΕΝΙΚΟΥ 34, ΘΕΣΣΑΛΟΝΙΚΗ",40.6345494119822, 22.95423403161646
177,ΚΩΝΣΤΑΝΤΙΝΟΥ ΜΕΛΕΝΙΚΟΥ,20,16,22,11,"ΚΩΝΣΤΑΝΤΙΝΟΥ ΜΕΛΕΝΙΚΟΥ 20, ΘΕΣΣΑΛΟΝΙΚΗ",40.6335776313091, 22.954553440213232
178,Ν.K. ΑΚΡΙΤΙΔΗ,5,1,9,21,"Ν.K. ΑΚΡΙΤΙΔΗ 5, ΘΕΣΣΑΛΟΝΙΚΗ",40.63349271171784, 22.954862675009277
179,Ν.K. ΑΚΡΙΤΙΔΗ,13,11,13,19,"Ν.K. ΑΚΡΙΤΙΔΗ 13, ΘΕΣΣΑΛΟΝΙΚΗ",40.63405073049766, 22.95484227642192
180,ΡΕΜΠΕΛΟΥ,5,1,7,17,"ΡΕΜΠΕΛΟΥ 5, ΘΕΣΣΑΛΟΝΙΚΗ",40.63802631407331, 22.94173953412885
181,ΓΡ. ΖΑΛΙΚΗ,6,2,10,8,"ΓΡ. ΖΑΛΙΚΗ 6, ΘΕΣΣΑΛΟΝΙΚΗ",40.63844276230732, 22.94246689432439
182,ΕΛ. ΒΕΝΙΖΕΛΟΥ,54,52,54,3,"ΕΛ. ΒΕΝΙΖΕΛΟΥ 54, ΘΕΣΣΑΛΟΝΙΚΗ",40.63764324701718, 22.94256513685342
183,ΕΛ. ΒΕΝΙΖΕΛΟΥ,62,58,64,7,"ΕΛ. ΒΕΝΙΖΕΛΟΥ 62, ΘΕΣΣΑΛΟΝΙΚΗ",40.63821118578392, 22.943000674028593
184,ΕΛ. ΒΕΝΙΖΕΛΟΥ,72,66,78,16,"ΕΛ. ΒΕΝΙΖΕΛΟΥ 72, ΘΕΣΣΑΛΟΝΙΚΗ",40.63896015254264, 22.94360319493671
186,ΕΛ. ΒΕΝΙΖΕΛΟΥ,53,47,55,16,"ΕΛ. ΒΕΝΙΖΕΛΟΥ 53, ΘΕΣΣΑΛΟΝΙΚΗ",40.63818095751026, 22.94292095382044
187,ΕΛ. ΒΕΝΙΖΕΛΟΥ,63,57,67,16,"ΕΛ. ΒΕΝΙΖΕΛΟΥ 63, ΘΕΣΣΑΛΟΝΙΚΗ",40.63917054727427, 22.943723422454124
188,ΣΙΑΤΙΣΤΗΣ,5,1,9,12,"ΣΙΑΤΙΣΤΗΣ 5, ΘΕΣΣΑΛΟΝΙΚΗ",40.63779918676555, 22.943390279802472
189,ΣΙΑΤΙΣΤΗΣ,6,2,10,12,"ΣΙΑΤΙΣΤΗΣ 6, ΘΕΣΣΑΛΟΝΙΚΗ",40.63778836875725, 22.94344825596519
190,ΜΑΚΕΔΟΝΙΚΗΣ ΑΜΥΝΗΣ,7,1,11,12,"ΜΑΚΕΔΟΝΙΚΗΣ ΑΜΥΝΗΣ 7, ΘΕΣΣΑΛΟΝΙΚΗ",40.638125687907014, 22.945132680536577
191,ΜΑΚΕΔΟΝΙΚΗΣ ΑΜΥΝΗΣ,0,0,0,13,"ΜΑΚΕΔΟΝΙΚΗΣ ΑΜΥΝΗΣ 0, ΘΕΣΣΑΛΟΝΙΚΗ",40.638281091760085, 22.945314882473628
192,ΜΑΚΕΔΟΝΙΚΗΣ ΑΜΥΝΗΣ,17,13,21,13,"ΜΑΚΕΔΟΝΙΚΗΣ ΑΜΥΝΗΣ 17, ΘΕΣΣΑΛΟΝΙΚΗ",40.638942394770964, 22.94585999728755
193,ΜΑΚΕΔΟΝΙΚΗΣ ΑΜΥΝΗΣ,6,2,10,11,"ΜΑΚΕΔΟΝΙΚΗΣ ΑΜΥΝΗΣ 6, ΘΕΣΣΑΛΟΝΙΚΗ",40.638928725961456, 22.94589521627352
194,ΑΡΙΣΤΟΤΕΛΟΥΣ,33,31,35,24,"ΑΡΙΣΤΟΤΕΛΟΥΣ 33, ΘΕΣΣΑΛΟΝΙΚΗ",40.63868538624537, 22.946391753720533
195,ΑΡΙΣΤΟΤΕΛΟΥΣ,34,32,36,20,"ΑΡΙΣΤΟΤΕΛΟΥΣ 34, ΘΕΣΣΑΛΟΝΙΚΗ",40.63843083546522, 22.94684813217823
196,ΑΓΝΩΣΤΟΥ ΣΤΡΑΤΙΩΤΟΥ,5,3,7,10,"ΑΓΝΩΣΤΟΥ ΣΤΡΑΤΙΩΤΟΥ 5, ΘΕΣΣΑΛΟΝΙΚΗ",40.63819834415133, 22.947401361706902
197,ΜΗΤΡΟΠΟΛΙΤΟΥ ΓΕΝΝΑΔΙΟΥ,12,8,16,20,"ΜΗΤΡΟΠΟΛΙΤΟΥ ΓΕΝΝΑΔΙΟΥ 12, ΘΕΣΣΑΛΟΝΙΚΗ",40.63560674122753, 22.945714718123778
198,ΜΗΤΡΟΠΟΛΙΤΟΥ ΓΕΝΝΑΔΙΟΥ,22,18,24,28,"ΜΗΤΡΟΠΟΛΙΤΟΥ ΓΕΝΝΑΔΙΟΥ 22, ΘΕΣΣΑΛΟΝΙΚΗ",40.636361249998394, 22.946398451188067
199,Γ. ΜΠΑΚΑΤΣΕΛΟΥ,4,2,8,5,"Γ. ΜΠΑΚΑΤΣΕΛΟΥ 4, ΘΕΣΣΑΛΟΝΙΚΗ",40.63537711356296, 22.946286381022244
200,Γ. ΜΠΑΚΑΤΣΕΛΟΥ,20,16,24,8,"Γ. ΜΠΑΚΑΤΣΕΛΟΥ 20, ΘΕΣΣΑΛΟΝΙΚΗ",40.63611757735826, 22.94694088798516
201,ΑΓΙΑΣ ΣΟΦΙΑΣ,68,66,72,14,"ΑΓΙΑΣ ΣΟΦΙΑΣ 68, ΘΕΣΣΑΛΟΝΙΚΗ",40.636450836064064, 22.948660716927293
202,ΑΓΙΑΣ ΣΟΦΙΑΣ,57,53,61,10,"ΑΓΙΑΣ ΣΟΦΙΑΣ 57, ΘΕΣΣΑΛΟΝΙΚΗ",40.63700421180492, 22.949155584495404
203,ΑΓΙΑΣ ΣΟΦΙΑΣ,76,76,76,10,"ΑΓΙΑΣ ΣΟΦΙΑΣ 76, ΘΕΣΣΑΛΟΝΙΚΗ",40.63700476996326, 22.949204718836135
204,ΠΛΑΤΩΝΟΣ,7,1,11,7,"ΠΛΑΤΩΝΟΣ 7, ΘΕΣΣΑΛΟΝΙΚΗ",40.63516815373376, 22.94675713778058
205,ΠΛΑΤΩΝΟΣ,17,13,23,6,"ΠΛΑΤΩΝΟΣ 17, ΘΕΣΣΑΛΟΝΙΚΗ",40.635770047836644, 22.947282448826776
207,ΠΛΑΤΩΝΟΣ,31,25,27,16,"ΠΛΑΤΩΝΟΣ 31, ΘΕΣΣΑΛΟΝΙΚΗ",40.636585488606045, 22.948010613648446
209,ΠΛΑΤΩΝΟΣ,16,14,20,9,"ΠΛΑΤΩΝΟΣ 16, ΘΕΣΣΑΛΟΝΙΚΗ",40.63654624910704, 22.948039436475543
210,ΠΛΑΤΩΝΟΣ,43,39,47,11,"ΠΛΑΤΩΝΟΣ 43, ΘΕΣΣΑΛΟΝΙΚΗ",40.637362121956755, 22.94871421755783
253,ΠΛΑΤΩΝΟΣ,24,20,22,8,"ΠΛΑΤΩΝΟΣ 24, ΘΕΣΣΑΛΟΝΙΚΗ",40.637295969626045, 22.948706587739842
211,ΕΥΡΙΠΙΔΟΥ,6,2,8,12,"ΕΥΡΙΠΙΔΟΥ 6, ΘΕΣΣΑΛΟΝΙΚΗ",40.63691231246888, 22.950002146333052
212,ΑΧΕΙΡΟΠΟΙΗΤΟΥ,8,6,8,5,"ΑΧΕΙΡΟΠΟΙΗΤΟΥ 8, ΘΕΣΣΑΛΟΝΙΚΗ",40.63524464424208, 22.948706764529287
213,ΑΧΕΙΡΟΠΟΙΗΤΟΥ,5,3,5,6,"ΑΧΕΙΡΟΠΟΙΗΤΟΥ 5, ΘΕΣΣΑΛΟΝΙΚΗ",40.63522937836342, 22.94862898046936
214,ΧΡΙΣΤΟΠΟΥΛΟΥ,3,1,5,10,"ΧΡΙΣΤΟΠΟΥΛΟΥ 3, ΘΕΣΣΑΛΟΝΙΚΗ",40.63492114314304, 22.949032253633256
215,ΧΡΙΣΤΟΠΟΥΛΟΥ,4,2,6,10,"ΧΡΙΣΤΟΠΟΥΛΟΥ 4, ΘΕΣΣΑΛΟΝΙΚΗ",40.63499479006049, 22.949155694264956
216,ΧΡΙΣΤΟΠΟΥΛΟΥ,14,8,16,7,"ΧΡΙΣΤΟΠΟΥΛΟΥ 14, ΘΕΣΣΑΛΟΝΙΚΗ",40.635579463191064, 22.949653041517198
218,ΠΕΤΡΟΠΟΥΛΑΚΙΔΩΝ,5,1,7,14,"ΠΕΤΡΟΠΟΥΛΑΚΙΔΩΝ 5, ΘΕΣΣΑΛΟΝΙΚΗ",40.63649682701903, 22.950536234043994
219,ΣΩΚΡΑΤΟΥΣ,6,2,8,10,"ΣΩΚΡΑΤΟΥΣ 6, ΘΕΣΣΑΛΟΝΙΚΗ",40.63410022593523, 22.948847608522446
220,ΣΩΚΡΑΤΟΥΣ,3,1,5,10,"ΣΩΚΡΑΤΟΥΣ 3, ΘΕΣΣΑΛΟΝΙΚΗ",40.634024225018926, 22.948687065233603
221,ΣΩΚΡΑΤΟΥΣ,11,7,13,8,"ΣΩΚΡΑΤΟΥΣ 11, ΘΕΣΣΑΛΟΝΙΚΗ",40.63465259796335, 22.949577187772604
222,ΣΩΚΡΑΤΟΥΣ,14,10,16,11,"ΣΩΚΡΑΤΟΥΣ 14, ΘΕΣΣΑΛΟΝΙΚΗ",40.634643698957355, 22.949642967621887
223,ΜΟΙΡΑΡΧΟΥ ΔΗΜΗΤΡΙΟΥ ΚΟΥΦΙΤΣΑ,1,1,1,8,"ΜΟΙΡΑΡΧΟΥ ΔΗΜΗΤΡΙΟΥ ΚΟΥΦΙΤΣΑ 1, ΘΕΣΣΑΛΟΝΙΚΗ",40.63556430585164, 22.950384806481765
224,ΜΟΙΡΑΡΧΟΥ ΔΗΜΗΤΡΙΟΥ ΚΟΥΦΙΤΣΑ,9,5,13,12,"ΜΟΙΡΑΡΧΟΥ ΔΗΜΗΤΡΙΟΥ ΚΟΥΦΙΤΣΑ 9, ΘΕΣΣΑΛΟΝΙΚΗ",40.636219253848594, 22.950964603454075
225,ΜΟΙΡΑΡΧΟΥ ΔΗΜΗΤΡΙΟΥ ΚΟΥΦΙΤΣΑ,14,10,18,15,"ΜΟΙΡΑΡΧΟΥ ΔΗΜΗΤΡΙΟΥ ΚΟΥΦΙΤΣΑ 14, ΘΕΣΣΑΛΟΝΙΚΗ",40.636192637344095, 22.95098637519903
226,ΙΟΥΛΙΑΝΟΥ,3,1,5,11,"ΙΟΥΛΙΑΝΟΥ 3, ΘΕΣΣΑΛΟΝΙΚΗ",40.63530183555317, 22.951118311316474
227,ΙΟΥΛΙΑΝΟΥ,4,2,4,6,"ΙΟΥΛΙΑΝΟΥ 4, ΘΕΣΣΑΛΟΝΙΚΗ",40.635299800106374, 22.951033821746403
228,ΙΟΥΛΙΑΝΟΥ,11,7,15,14,"ΙΟΥΛΙΑΝΟΥ 11, ΘΕΣΣΑΛΟΝΙΚΗ",40.635936366814065, 22.951587479496535
229,ΙΟΥΛΙΑΝΟΥ,10,8,14,14,"ΙΟΥΛΙΑΝΟΥ 10, ΘΕΣΣΑΛΟΝΙΚΗ",40.63590819308834, 22.951633967379998
230,ΥΠΟΥΡΓΟΥ ΦΙΛΙΠΠΟΥ ΔΡΑΓΟΥΜΗ,5,3,7,8,"ΥΠΟΥΡΓΟΥ ΦΙΛΙΠΠΟΥ ΔΡΑΓΟΥΜΗ 5, ΘΕΣΣΑΛΟΝΙΚΗ",40.63455473954325, 22.951157850664888
231,ΥΠΟΥΡΓΟΥ ΦΙΛΙΠΠΟΥ ΔΡΑΓΟΥΜΗ,11,9,11,6,"ΥΠΟΥΡΓΟΥ ΦΙΛΙΠΠΟΥ ΔΡΑΓΟΥΜΗ 11, ΘΕΣΣΑΛΟΝΙΚΗ",40.63506666389361, 22.95160648685469
232,ΥΠΟΥΡΓΟΥ ΦΙΛΙΠΠΟΥ ΔΡΑΓΟΥΜΗ,18,14,22,15,"ΥΠΟΥΡΓΟΥ ΦΙΛΙΠΠΟΥ ΔΡΑΓΟΥΜΗ 18, ΘΕΣΣΑΛΟΝΙΚΗ",40.6356507656239, 22.952174642742406
233,ΑΡΡΙΑΝΟΥ,8,2,12,14,"ΑΡΡΙΑΝΟΥ 8, ΘΕΣΣΑΛΟΝΙΚΗ",40.6336124979338, 22.951239892929788
234,ΑΡΡΙΑΝΟΥ,18,16,20,11,"ΑΡΡΙΑΝΟΥ 18, ΘΕΣΣΑΛΟΝΙΚΗ",40.63430919136953, 22.951815427067668
235,ΑΡΡΙΑΝΟΥ,26,24,28,6,"ΑΡΡΙΑΝΟΥ 26, ΘΕΣΣΑΛΟΝΙΚΗ",40.63474417773199, 22.95221085871007
236,ΑΡΡΙΑΝΟΥ,3,1,3,8,"ΑΡΡΙΑΝΟΥ 3, ΘΕΣΣΑΛΟΝΙΚΗ",40.63374480530282, 22.951269397219484
237,ΑΡΡΙΑΝΟΥ,11,7,13,14,"ΑΡΡΙΑΝΟΥ 11, ΘΕΣΣΑΛΟΝΙΚΗ",40.63423511435223, 22.95168307089959
238,ΑΡΡΙΑΝΟΥ,17,15,19,9,"ΑΡΡΙΑΝΟΥ 17, ΘΕΣΣΑΛΟΝΙΚΗ",40.63476798408215, 22.952183075296876
239,ΔΗΜ. ΓΟΥΝΑΡΗ,47,43,49,20,"ΔΗΜ. ΓΟΥΝΑΡΗ 47, ΘΕΣΣΑΛΟΝΙΚΗ",40.632640934283536, 22.951971654960374
240,ΔΗΜ. ΓΟΥΝΑΡΗ,57,51,63,30,"ΔΗΜ. ΓΟΥΝΑΡΗ 57, ΘΕΣΣΑΛΟΝΙΚΗ",40.634246092763995, 22.953776928586546
241,ΔΗΜ. ΓΟΥΝΑΡΗ,66,60,70,27,"ΔΗΜ. ΓΟΥΝΑΡΗ 66, ΘΕΣΣΑΛΟΝΙΚΗ",40.63420782198091, 22.953805824997286
242,ΔΗΜ. ΓΟΥΝΑΡΗ,67,65,69,29,"ΔΗΜ. ΓΟΥΝΑΡΗ 67, ΘΕΣΣΑΛΟΝΙΚΗ",40.63496541564929, 22.954448596675448
244,ΕΘΝΙΚΗΣ ΑΜΥΝΗΣ, 00,00,00,24,"ΕΘ. ΑΜΥΝΗΣ 00, ΘΕΣΣΑΛΟΝΙΚΗ",40.63224155937051, 22.9544911460635186
245,ΕΘΝΙΚΗΣ ΑΜΥΝΗΣ, 000,000,000,35,"ΕΘ. ΑΜΥΝΗΣ 000, ΘΕΣΣΑΛΟΝΙΚΗ",40.63366663709646, 22.955792804423385
248,ΛΕΩΦ. 3ΗΣ ΣΕΠΤΕΜΒΡΙΟΥ,38,38,40,8,"ΛΕΩΦ. 3ΗΣ ΣΕΠΤΕΜΒΡΙΟΥ 38, ΘΕΣΣΑΛΟΝΙΚΗ",40.62603180850501, 22.95923607494748
249,ΛΕΩΦ. 3ΗΣ ΣΕΠΤΕΜΒΡΙΟΥ,25,17,33,60,"ΛΕΩΦ. 3ΗΣ ΣΕΠΤΕΜΒΡΙΟΥ 25, ΘΕΣΣΑΛΟΝΙΚΗ",40.62536866581741, 22.957332377064002
250,ΛΕΩΦ. 3ΗΣ ΣΕΠΤΕΜΒΡΙΟΥ,14,12,16,28,"ΛΕΩΦ. 3ΗΣ ΣΕΠΤΕΜΒΡΙΟΥ 14, ΘΕΣΣΑΛΟΝΙΚΗ",40.62455535534955, 22.954128497767304
251,ΛΕΩΦ. 3ΗΣ ΣΕΠΤΕΜΒΡΙΟΥ,22,18,24,26,"ΛΕΩΦ. 3ΗΣ ΣΕΠΤΕΜΒΡΙΟΥ 22, ΘΕΣΣΑΛΟΝΙΚΗ",40.625388025929965, 22.956657822935302