,Date,Day Name,Day,Mouth,Year,Time,Latitude,Longitude,Zone,Slot_id,Legal,Covid,Lockdown
0,2018-01-03,Wednesday,3,1,2018,15:25,40.62913291,22.95321046,A,17622,1,0,0
1,2018-01-03,Wednesday,3,1,2018,15:06,40.62903501,22.94731732,A,17813,1,0,0
2,2018-01-03,Wednesday,3,1,2018,15:07,40.62886094,22.9476902,A,17813,0,0,0
3,2018-01-03,Wednesday,3,1,2018,15:07,40.62903083,22.94729755,A,17813,1,0,0
4,2018-01-03,Wednesday,3,1,2018,15:07,40.62889995,22.94770853,A,17813,1,0,0
5,2018-01-03,Wednesday,3,1,2018,15:08,40.62840185,22.94835825,A,25,0,0,0
6,2018-01-03,Wednesday,3,1,2018,15:08,40.63090551,22.95284665,A,28323,0,0,0
7,2018-01-03,Wednesday,3,1,2018,15:08,40.62892171,22.94752752,A,17813,1,0,0
8,2018-01-03,Wednesday,3,1,2018,15:08,40.62892171,22.94752752,A,17813,1,0,0
9,2018-01-03,Wednesday,3,1,2018,15:08,40.63082877,22.95309634,A,28323,1,0,0
10,2018-01-03,Wednesday,3,1,2018,15:08,40.63086867,22.95282735,A,28323,1,0,0
11,2018-01-03,Wednesday,3,1,2018,15:09,40.63063398,22.95298471,A,18024,0,0,0
12,2018-01-03,Wednesday,3,1,2018,15:06,40.62839286,22.94836661,A,25,0,0,0
13,2018-01-03,Wednesday,3,1,2018,15:10,40.62921598,22.94706579,A,17813,0,0,0
14,2018-01-03,Wednesday,3,1,2018,15:11,40.63071658,22.95278092,A,28323,0,0,0
15,2018-01-03,Wednesday,3,1,2018,15:11,40.63058971,22.95346749,A,18022,1,0,0
16,2018-01-03,Wednesday,3,1,2018,15:12,40.63054204,22.95300251,A,18024,0,0,0
17,2018-01-03,Wednesday,3,1,2018,15:12,40.62938499,22.94682408,A,17813,1,0,0
18,2018-01-03,Wednesday,3,1,2018,15:12,40.62943375,22.94676918,A,17813,1,0,0
19,2018-01-03,Wednesday,3,1,2018,15:12,40.62944774,22.94672786,A,17813,0,0,0
20,2018-01-03,Wednesday,3,1,2018,15:12,40.63039629,22.95380413,A,18022,0,0,0
21,2018-01-03,Wednesday,3,1,2018,15:12,40.63037367,22.95380668,A,18022,0,0,0
22,2018-01-03,Wednesday,3,1,2018,15:08,40.63080635,22.95291952,A,28323,0,0,0
23,2018-01-03,Wednesday,3,1,2018,15:05,40.62840422,22.94840118,A,25,0,0,0
24,2018-01-03,Wednesday,3,1,2018,15:05,40.62838927,22.94842147,A,25,1,0,0
25,2018-01-03,Wednesday,3,1,2018,15:04,40.62896018,22.94735425,A,17813,0,0,0
26,2018-01-03,Wednesday,3,1,2018,14:48,40.62776694,22.94951786,A,26,0,0,0
27,2018-01-03,Wednesday,3,1,2018,14:49,40.62783734,22.94943064,A,26,1,0,0
28,2018-01-03,Wednesday,3,1,2018,14:50,40.627861,22.94932793,A,28,1,0,0
29,2018-01-03,Wednesday,3,1,2018,14:50,40.62794938,22.94929422,A,26,0,0,0
30,2018-01-03,Wednesday,3,1,2018,14:51,40.62801973,22.94927288,A,28,0,0,0
31,2018-01-03,Wednesday,3,1,2018,14:53,40.62812202,22.94926161,A,28,0,0,0
32,2018-01-03,Wednesday,3,1,2018,14:55,40.62831458,22.94892737,A,17413,1,0,0
33,2018-01-03,Wednesday,3,1,2018,14:56,40.62842832,22.94884925,A,17413,1,0,0
34,2018-01-03,Wednesday,3,1,2018,14:56,40.6284418,22.94870682,A,17413,0,0,0
35,2018-01-03,Wednesday,3,1,2018,14:56,40.62904718,22.94770696,A,17813,0,0,0
36,2018-01-03,Wednesday,3,1,2018,14:58,40.62837986,22.94852626,A,25,0,0,0
37,2018-01-03,Wednesday,3,1,2018,14:58,40.62886638,22.9476539,A,17813,1,0,0
38,2018-01-03,Wednesday,3,1,2018,14:59,40.62907737,22.94755602,A,17813,1,0,0
39,2018-01-03,Wednesday,3,1,2018,15:00,40.62834903,22.94849371,A,25,1,0,0
40,2018-01-03,Wednesday,3,1,2018,15:00,40.62840098,22.94845534,A,17413,1,0,0
41,2018-01-03,Wednesday,3,1,2018,15:01,40.62901094,22.94736346,A,17813,1,0,0
42,2018-01-03,Wednesday,3,1,2018,15:01,40.62843105,22.94842187,A,17413,0,0,0
43,2018-01-03,Wednesday,3,1,2018,15:02,40.62892341,22.94738908,A,17813,0,0,0
44,2018-01-03,Wednesday,3,1,2018,15:02,40.6284628,22.94836593,A,25,0,0,0
45,2018-01-03,Wednesday,3,1,2018,15:03,40.62894402,22.94743938,A,17813,0,0,0
46,2018-01-03,Wednesday,3,1,2018,15:03,40.62836923,22.94843573,A,25,0,0,0
47,2018-01-03,Wednesday,3,1,2018,15:13,40.62939354,22.94698182,A,17813,1,0,0
48,2018-01-03,Wednesday,3,1,2018,15:13,40.63032439,22.95381856,A,18022,1,0,0
49,2018-01-03,Wednesday,3,1,2018,15:14,40.62997227,22.95388625,A,18022,0,0,0
50,2018-01-03,Wednesday,3,1,2018,14:46,40.62773361,22.94981827,A,27,0,0,0
51,2018-01-03,Wednesday,3,1,2018,15:19,40.63029107,22.94548932,A,18143,0,0,0
52,2018-01-03,Wednesday,3,1,2018,15:19,40.63013361,22.94602998,A,6,0,0,0
53,2018-01-03,Wednesday,3,1,2018,15:19,40.63014514,22.94601992,A,6,0,0,0
54,2018-01-03,Wednesday,3,1,2018,15:20,40.63014517,22.94600782,A,6,1,0,0
55,2018-01-03,Wednesday,3,1,2018,15:20,40.63033988,22.94541966,A,18143,0,0,0
56,2018-01-03,Wednesday,3,1,2018,15:20,40.6304284,22.9454246,A,18143,0,0,0
57,2018-01-03,Wednesday,3,1,2018,15:20,40.63003912,22.95246303,A,17972,1,0,0
58,2018-01-03,Wednesday,3,1,2018,15:21,40.62922104,22.953399,A,17622,0,0,0
59,2018-01-03,Wednesday,3,1,2018,15:21,40.63012047,22.95244663,A,17972,0,0,0
60,2018-01-03,Wednesday,3,1,2018,15:22,40.62916706,22.95316777,A,17622,0,0,0
61,2018-01-03,Wednesday,3,1,2018,15:22,40.63045903,22.94525652,A,18143,0,0,0
62,2018-01-03,Wednesday,3,1,2018,15:22,40.6302463,22.94597499,A,6,0,0,0
63,2018-01-03,Wednesday,3,1,2018,15:23,40.63046812,22.94524873,A,18143,0,0,0
64,2018-01-03,Wednesday,3,1,2018,15:23,40.63012376,22.95246062,A,17972,1,0,0
65,2018-01-03,Wednesday,3,1,2018,15:24,40.63046056,22.94525448,A,18143,0,0,0
66,2018-01-03,Wednesday,3,1,2018,15:25,40.63054092,22.94512983,A,18143,0,0,0
67,2018-01-03,Wednesday,3,1,2018,15:26,40.63055954,22.94504225,A,18143,1,0,0
68,2018-01-03,Wednesday,3,1,2018,15:26,40.62907717,22.95322537,A,17622,0,0,0
69,2018-01-03,Wednesday,3,1,2018,15:26,40.62907648,22.95323941,A,17622,0,0,0
70,2018-01-03,Wednesday,3,1,2018,15:26,40.62908333,22.95324808,A,17622,0,0,0
71,2018-01-03,Wednesday,3,1,2018,15:27,40.62980028,22.95216539,A,17734,1,0,0
72,2018-01-03,Wednesday,3,1,2018,15:18,40.62956675,22.95360264,A,18022,0,0,0
73,2018-01-03,Wednesday,3,1,2018,15:18,40.62956675,22.95360264,A,18022,0,0,0
74,2018-01-03,Wednesday,3,1,2018,15:18,40.62999945,22.94609113,A,17963,1,0,0
75,2018-01-03,Wednesday,3,1,2018,15:18,40.62997854,22.946152,A,17963,1,0,0
76,2018-01-03,Wednesday,3,1,2018,15:14,40.62978119,22.95381043,A,18022,1,0,0
77,2018-01-03,Wednesday,3,1,2018,15:14,40.62978119,22.95381043,A,18022,0,0,0
78,2018-01-03,Wednesday,3,1,2018,15:14,40.62978119,22.95381043,A,18022,1,0,0
79,2018-01-03,Wednesday,3,1,2018,15:14,40.62953586,22.94668193,A,17813,0,0,0
80,2018-01-03,Wednesday,3,1,2018,15:14,40.62977019,22.95383391,A,18022,0,0,0
81,2018-01-03,Wednesday,3,1,2018,15:14,40.63069007,22.9527083,A,28323,0,0,0
82,2018-01-03,Wednesday,3,1,2018,15:14,40.62976724,22.95384532,A,18022,0,0,0
83,2018-01-03,Wednesday,3,1,2018,15:14,40.6296568,22.94635082,A,17963,0,0,0
84,2018-01-03,Wednesday,3,1,2018,15:15,40.62982739,22.94648837,A,17963,1,0,0
85,2018-01-03,Wednesday,3,1,2018,15:15,40.63005278,22.95251769,A,18024,0,0,0
86,2018-01-03,Wednesday,3,1,2018,15:13,40.62951427,22.94675472,A,17813,1,0,0
87,2018-01-03,Wednesday,3,1,2018,15:15,40.62981935,22.95360719,A,18022,0,0,0
88,2018-01-03,Wednesday,3,1,2018,15:16,40.62998173,22.94613891,A,17963,1,0,0
89,2018-01-03,Wednesday,3,1,2018,15:16,40.63045044,22.95279652,A,18024,1,0,0
90,2018-01-03,Wednesday,3,1,2018,15:16,40.63008813,22.94579498,A,18143,0,0,0
91,2018-01-03,Wednesday,3,1,2018,15:17,40.63009358,22.94569231,A,18143,1,0,0
92,2018-01-03,Wednesday,3,1,2018,15:17,40.62969783,22.95365253,A,18022,0,0,0
93,2018-01-03,Wednesday,3,1,2018,15:17,40.62973689,22.95380618,A,18022,0,0,0
94,2018-01-03,Wednesday,3,1,2018,15:17,40.63008964,22.95255848,A,18024,0,0,0
95,2018-01-03,Wednesday,3,1,2018,15:17,40.63012894,22.94562991,A,18143,0,0,0
96,2018-01-03,Wednesday,3,1,2018,15:17,40.62973689,22.95380618,A,18022,1,0,0
97,2018-01-03,Wednesday,3,1,2018,15:18,40.62953278,22.95344569,A,18022,0,0,0
98,2018-01-03,Wednesday,3,1,2018,15:16,40.62990256,22.94611021,A,17963,1,0,0
99,2018-01-03,Wednesday,3,1,2018,14:46,40.6276235,22.94999445,A,27,1,0,0
100,2018-01-03,Wednesday,3,1,2018,14:46,40.6276235,22.94999445,A,27,1,0,0
101,2018-01-03,Wednesday,3,1,2018,14:44,40.6278916,22.94947085,A,28,0,0,0
102,2018-01-03,Wednesday,3,1,2018,12:12,40.63616314,22.94587879,A,20548,0,0,0
103,2018-01-03,Wednesday,3,1,2018,12:12,40.63627318,22.94609199,A,20548,1,0,0
104,2018-01-03,Wednesday,3,1,2018,12:12,40.63615269,22.9458749,A,20548,0,0,0
105,2018-01-03,Wednesday,3,1,2018,12:12,40.63624503,22.94604492,A,20548,0,0,0
106,2018-01-03,Wednesday,3,1,2018,12:12,40.63624503,22.94604492,A,20548,1,0,0
107,2018-01-03,Wednesday,3,1,2018,12:12,40.63622808,22.94602771,A,20548,0,0,0
108,2018-01-03,Wednesday,3,1,2018,12:12,40.63619674,22.94600556,A,20548,0,0,0
109,2018-01-03,Wednesday,3,1,2018,12:13,40.63611676,22.94587682,A,20548,1,0,0
110,2018-01-03,Wednesday,3,1,2018,12:13,40.63610015,22.94590707,A,20548,0,0,0
111,2018-01-03,Wednesday,3,1,2018,12:13,40.63612176,22.94580991,A,20548,0,0,0
112,2018-01-03,Wednesday,3,1,2018,12:13,40.63614854,22.9458276,A,20548,1,0,0
113,2018-01-03,Wednesday,3,1,2018,12:13,40.63601114,22.94592416,A,197,1,0,0
114,2018-01-03,Wednesday,3,1,2018,12:13,40.6361191,22.94579913,A,20548,0,0,0
115,2018-01-03,Wednesday,3,1,2018,12:13,40.63601114,22.94592416,A,197,1,0,0
116,2018-01-03,Wednesday,3,1,2018,12:14,40.63609708,22.94578365,A,20548,1,0,0
117,2018-01-03,Wednesday,3,1,2018,12:15,40.6369343,22.94615627,A,20783,1,0,0
118,2018-01-03,Wednesday,3,1,2018,12:15,40.63699046,22.94608838,A,20783,0,0,0
119,2018-01-03,Wednesday,3,1,2018,12:16,40.63700789,22.94606484,A,20783,1,0,0
120,2018-01-03,Wednesday,3,1,2018,12:16,40.63701255,22.94605008,A,20783,1,0,0
121,2018-01-03,Wednesday,3,1,2018,12:16,40.63700641,22.94603837,A,20783,0,0,0
122,2018-01-03,Wednesday,3,1,2018,12:16,40.63701139,22.94602224,A,20783,1,0,0
123,2018-01-03,Wednesday,3,1,2018,12:12,40.63628887,22.94611219,A,20548,1,0,0
124,2018-01-03,Wednesday,3,1,2018,12:16,40.63701139,22.94602224,A,20783,1,0,0
125,2018-01-03,Wednesday,3,1,2018,12:12,40.63619603,22.94588051,A,20548,1,0,0
126,2018-01-03,Wednesday,3,1,2018,12:12,40.63630078,22.94613156,A,20548,1,0,0
127,2018-01-03,Wednesday,3,1,2018,12:09,40.63644184,22.94626155,A,20548,1,0,0
128,2018-01-03,Wednesday,3,1,2018,12:09,40.63640824,22.94622388,A,20548,1,0,0
129,2018-01-03,Wednesday,3,1,2018,12:09,40.63637536,22.94620049,A,20548,1,0,0
130,2018-01-03,Wednesday,3,1,2018,12:09,40.6363665,22.94619174,A,20548,0,0,0
131,2018-01-03,Wednesday,3,1,2018,12:09,40.63634623,22.94617378,A,20548,0,0,0
132,2018-01-03,Wednesday,3,1,2018,12:10,40.63634623,22.94617378,A,20548,0,0,0
133,2018-01-03,Wednesday,3,1,2018,12:10,40.63638413,22.94605819,A,20548,1,0,0
134,2018-01-03,Wednesday,3,1,2018,12:10,40.63638567,22.94604517,A,20548,1,0,0
135,2018-01-03,Wednesday,3,1,2018,12:10,40.63637324,22.94596622,A,20548,1,0,0
136,2018-01-03,Wednesday,3,1,2018,12:10,40.63636201,22.94594176,A,20548,0,0,0
137,2018-01-03,Wednesday,3,1,2018,12:11,40.63625729,22.94596031,A,20548,1,0,0
138,2018-01-03,Wednesday,3,1,2018,12:12,40.63620397,22.94596601,A,20548,0,0,0
139,2018-01-03,Wednesday,3,1,2018,12:12,40.636321,22.94615978,A,20548,1,0,0
140,2018-01-03,Wednesday,3,1,2018,12:12,40.63619233,22.94597957,A,20548,0,0,0
141,2018-01-03,Wednesday,3,1,2018,12:12,40.63630207,22.94614369,A,20548,0,0,0
142,2018-01-03,Wednesday,3,1,2018,12:12,40.63630207,22.94614369,A,20548,0,0,0
143,2018-01-03,Wednesday,3,1,2018,12:12,40.63630207,22.94614369,A,20548,0,0,0
144,2018-01-03,Wednesday,3,1,2018,12:12,40.63630207,22.94614369,A,20548,1,0,0
145,2018-01-03,Wednesday,3,1,2018,12:12,40.63621779,22.94594055,A,20548,1,0,0
146,2018-01-03,Wednesday,3,1,2018,12:12,40.63630207,22.94614369,A,20548,0,0,0
147,2018-01-03,Wednesday,3,1,2018,12:12,40.63621206,22.94593061,A,20548,1,0,0
148,2018-01-03,Wednesday,3,1,2018,12:12,40.63630078,22.94613156,A,20548,0,0,0
149,2018-01-03,Wednesday,3,1,2018,12:16,40.63701761,22.94600372,A,20541,0,0,0
150,2018-01-03,Wednesday,3,1,2018,12:16,40.6370281,22.94598032,A,20541,0,0,0
151,2018-01-03,Wednesday,3,1,2018,12:16,40.6370281,22.94598032,A,20541,0,0,0
152,2018-01-03,Wednesday,3,1,2018,12:23,40.63740321,22.94532557,A,20541,0,0,0
153,2018-01-03,Wednesday,3,1,2018,12:23,40.63739563,22.94531791,A,20541,0,0,0
154,2018-01-03,Wednesday,3,1,2018,12:23,40.63739563,22.94531791,A,20541,0,0,0
155,2018-01-03,Wednesday,3,1,2018,12:23,40.63739563,22.94531791,A,20541,1,0,0
156,2018-01-03,Wednesday,3,1,2018,12:23,40.63739563,22.94531791,A,20541,0,0,0
157,2018-01-03,Wednesday,3,1,2018,12:23,40.63739563,22.94531791,A,20541,0,0,0
158,2018-01-03,Wednesday,3,1,2018,12:23,40.63740456,22.94531062,A,20541,1,0,0
159,2018-01-03,Wednesday,3,1,2018,12:23,40.63742376,22.94530003,A,20783,0,0,0
160,2018-01-03,Wednesday,3,1,2018,12:23,40.63742376,22.94530003,A,20783,0,0,0
161,2018-01-03,Wednesday,3,1,2018,12:23,40.63744526,22.94524841,A,20783,0,0,0
162,2018-01-03,Wednesday,3,1,2018,12:23,40.6374502,22.94521527,A,20783,1,0,0
163,2018-01-03,Wednesday,3,1,2018,12:24,40.63744773,22.94522747,A,20783,0,0,0
164,2018-01-03,Wednesday,3,1,2018,12:24,40.6374432,22.9451837,A,20783,0,0,0
165,2018-01-03,Wednesday,3,1,2018,12:25,40.63747258,22.94523337,A,20783,1,0,0
166,2018-01-03,Wednesday,3,1,2018,12:25,40.63746774,22.94521829,A,20783,0,0,0
167,2018-01-03,Wednesday,3,1,2018,12:26,40.63757497,22.94510373,A,20783,0,0,0
168,2018-01-03,Wednesday,3,1,2018,12:26,40.63752537,22.94513605,A,20783,0,0,0
169,2018-01-03,Wednesday,3,1,2018,12:27,40.63754547,22.94503101,A,20783,1,0,0
170,2018-01-03,Wednesday,3,1,2018,12:28,40.63757275,22.94499849,A,20783,0,0,0
171,2018-01-03,Wednesday,3,1,2018,14:43,40.62759639,22.94999629,A,27,1,0,0
172,2018-01-03,Wednesday,3,1,2018,14:44,40.6275899,22.95003442,A,17222,0,0,0
173,2018-01-03,Wednesday,3,1,2018,12:22,40.63740321,22.94532557,A,20541,0,0,0
174,2018-01-03,Wednesday,3,1,2018,12:22,40.6373986,22.94533586,A,20783,0,0,0
175,2018-01-03,Wednesday,3,1,2018,12:22,40.63736953,22.94537109,A,20783,1,0,0
176,2018-01-03,Wednesday,3,1,2018,12:22,40.63736953,22.94537109,A,20783,1,0,0
177,2018-01-03,Wednesday,3,1,2018,12:16,40.6370281,22.94598032,A,20541,0,0,0
178,2018-01-03,Wednesday,3,1,2018,12:16,40.6370281,22.94598032,A,20541,0,0,0
179,2018-01-03,Wednesday,3,1,2018,12:17,40.63701789,22.94597272,A,20541,1,0,0
180,2018-01-03,Wednesday,3,1,2018,12:17,40.63703415,22.9459475,A,20541,0,0,0
181,2018-01-03,Wednesday,3,1,2018,12:18,40.63713525,22.94585315,A,20783,1,0,0
182,2018-01-03,Wednesday,3,1,2018,12:18,40.6371442,22.94581635,A,20783,1,0,0
183,2018-01-03,Wednesday,3,1,2018,12:19,40.6372392,22.94567162,A,20783,1,0,0
184,2018-01-03,Wednesday,3,1,2018,12:19,40.637234,22.94560264,A,20783,0,0,0
185,2018-01-03,Wednesday,3,1,2018,12:19,40.63729969,22.94553749,A,20541,0,0,0
186,2018-01-03,Wednesday,3,1,2018,12:19,40.63727684,22.94554299,A,20541,0,0,0
187,2018-01-03,Wednesday,3,1,2018,15:27,40.62986408,22.95201941,A,66,0,0,0
188,2018-01-03,Wednesday,3,1,2018,12:21,40.63737132,22.94540127,A,20783,1,0,0
189,2018-01-03,Wednesday,3,1,2018,12:21,40.63733805,22.94547996,A,20783,0,0,0
190,2018-01-03,Wednesday,3,1,2018,12:21,40.6373196,22.94546848,A,20783,1,0,0
191,2018-01-03,Wednesday,3,1,2018,12:21,40.63731958,22.94545206,A,20783,1,0,0
192,2018-01-03,Wednesday,3,1,2018,12:22,40.63733074,22.94542151,A,20783,1,0,0
193,2018-01-03,Wednesday,3,1,2018,12:22,40.63733653,22.94540805,A,20783,0,0,0
194,2018-01-03,Wednesday,3,1,2018,12:22,40.63734402,22.94539459,A,20783,0,0,0
195,2018-01-03,Wednesday,3,1,2018,12:22,40.63736953,22.94537109,A,20783,1,0,0
196,2018-01-03,Wednesday,3,1,2018,12:22,40.63736953,22.94537109,A,20783,1,0,0
197,2018-01-03,Wednesday,3,1,2018,12:22,40.63736953,22.94537109,A,20783,1,0,0
198,2018-01-03,Wednesday,3,1,2018,12:22,40.63736953,22.94537109,A,20783,1,0,0
199,2018-01-03,Wednesday,3,1,2018,12:21,40.63733621,22.94549198,A,20783,0,0,0
200,2018-01-03,Wednesday,3,1,2018,15:29,40.62983581,22.9520211,A,17822,0,0,0
201,2018-01-03,Wednesday,3,1,2018,15:29,40.62998431,22.94393035,A,10,0,0,0
202,2018-01-03,Wednesday,3,1,2018,15:29,40.63004306,22.94392279,A,10,1,0,0
203,2018-01-03,Wednesday,3,1,2018,16:09,40.62783014,22.95039854,A,17254,0,0,0
204,2018-01-03,Wednesday,3,1,2018,16:09,40.62786457,22.95317928,A,17361,0,0,0
205,2018-01-03,Wednesday,3,1,2018,16:09,40.63398959,22.93941472,A,19163,0,0,0
206,2018-01-03,Wednesday,3,1,2018,16:09,40.6278668,22.95318962,A,17361,0,0,0
207,2018-01-03,Wednesday,3,1,2018,16:09,40.6278668,22.95318962,A,17361,0,0,0
208,2018-01-03,Wednesday,3,1,2018,16:10,40.62781932,22.95306911,A,17361,0,0,0
209,2018-01-03,Wednesday,3,1,2018,16:10,40.63393688,22.93914404,A,19163,0,0,0
210,2018-01-03,Wednesday,3,1,2018,16:11,40.63399256,22.93916985,A,19163,0,0,0
211,2018-01-03,Wednesday,3,1,2018,16:11,40.62772011,22.95308569,A,17361,0,0,0
212,2018-01-03,Wednesday,3,1,2018,16:11,40.62772011,22.95308569,A,17361,0,0,0
213,2018-01-03,Wednesday,3,1,2018,16:11,40.62775999,22.95036343,A,17254,0,0,0
214,2018-01-03,Wednesday,3,1,2018,16:12,40.63390833,22.93923126,A,19163,0,0,0
215,2018-01-03,Wednesday,3,1,2018,16:12,40.62766873,22.95308935,A,17361,0,0,0
216,2018-01-03,Wednesday,3,1,2018,16:12,40.62766873,22.95308935,A,17361,0,0,0
217,2018-01-03,Wednesday,3,1,2018,16:13,40.62767508,22.95307237,A,17361,0,0,0
218,2018-01-03,Wednesday,3,1,2018,16:13,40.6338733,22.93938723,A,19163,0,0,0
219,2018-01-03,Wednesday,3,1,2018,16:13,40.62767508,22.95307237,A,17361,0,0,0
220,2018-01-03,Wednesday,3,1,2018,16:13,40.62774463,22.95306797,A,17361,1,0,0
221,2018-01-03,Wednesday,3,1,2018,16:13,40.6276978,22.9530577,A,17361,1,0,0
222,2018-01-03,Wednesday,3,1,2018,16:13,40.62769467,22.95308647,A,17361,1,0,0
223,2018-01-03,Wednesday,3,1,2018,16:13,40.62769467,22.95308647,A,17361,1,0,0
224,2018-01-03,Wednesday,3,1,2018,16:08,40.63378996,22.93940085,A,19163,0,0,0
225,2018-01-03,Wednesday,3,1,2018,16:15,40.62779096,22.95034909,A,17222,0,0,0
226,2018-01-03,Wednesday,3,1,2018,16:08,40.63375315,22.93946748,A,19163,0,0,0
227,2018-01-03,Wednesday,3,1,2018,16:07,40.62794467,22.9531658,A,17361,1,0,0
228,2018-01-03,Wednesday,3,1,2018,16:02,40.62805324,22.9530987,A,17361,0,0,0
229,2018-01-03,Wednesday,3,1,2018,16:02,40.62805538,22.95308642,A,17361,0,0,0
230,2018-01-03,Wednesday,3,1,2018,16:02,40.62806149,22.95306913,A,17361,0,0,0
231,2018-01-03,Wednesday,3,1,2018,16:02,40.62806149,22.95306913,A,17361,0,0,0
232,2018-01-03,Wednesday,3,1,2018,16:02,40.63318744,22.94046798,A,19033,0,0,0
233,2018-01-03,Wednesday,3,1,2018,16:02,40.62807323,22.95308948,A,17361,0,0,0
234,2018-01-03,Wednesday,3,1,2018,16:02,40.62807074,22.95306152,A,17361,0,0,0
235,2018-01-03,Wednesday,3,1,2018,16:02,40.63319442,22.94047216,A,19033,1,0,0
236,2018-01-03,Wednesday,3,1,2018,16:02,40.62806629,22.95323398,A,17361,1,0,0
237,2018-01-03,Wednesday,3,1,2018,16:03,40.62806629,22.95323398,A,17361,0,0,0
238,2018-01-03,Wednesday,3,1,2018,16:03,40.62806629,22.95323398,A,17361,0,0,0
239,2018-01-03,Wednesday,3,1,2018,16:05,40.62783546,22.95034937,A,17222,0,0,0
240,2018-01-03,Wednesday,3,1,2018,16:05,40.62773776,22.95027132,A,17254,0,0,0
241,2018-01-03,Wednesday,3,1,2018,16:05,40.6279936,22.95322076,A,17361,0,0,0
242,2018-01-03,Wednesday,3,1,2018,16:05,40.62799284,22.95320275,A,17361,0,0,0
243,2018-01-03,Wednesday,3,1,2018,16:05,40.62799448,22.95318362,A,17361,0,0,0
244,2018-01-03,Wednesday,3,1,2018,16:05,40.62767896,22.95022796,A,17254,0,0,0
245,2018-01-03,Wednesday,3,1,2018,16:05,40.62799975,22.95319589,A,17361,0,0,0
246,2018-01-03,Wednesday,3,1,2018,16:06,40.62767079,22.95010197,A,17222,0,0,0
247,2018-01-03,Wednesday,3,1,2018,16:07,40.62799181,22.95318313,A,17361,0,0,0
248,2018-01-03,Wednesday,3,1,2018,16:07,40.62781335,22.95038553,A,17254,0,0,0
249,2018-01-03,Wednesday,3,1,2018,16:07,40.62793158,22.95317505,A,17361,0,0,0
250,2018-01-03,Wednesday,3,1,2018,16:15,40.62726962,22.95298078,A,17182,1,0,0
251,2018-01-03,Wednesday,3,1,2018,16:15,40.62722036,22.95296443,A,17182,0,0,0
252,2018-01-03,Wednesday,3,1,2018,16:15,40.62722036,22.95296443,A,17182,0,0,0
253,2018-01-03,Wednesday,3,1,2018,16:25,40.62686328,22.95284472,A,17182,0,0,0
254,2018-01-03,Wednesday,3,1,2018,16:26,40.62689214,22.95288022,A,17182,1,0,0
255,2018-01-03,Wednesday,3,1,2018,16:26,40.62773693,22.95011705,A,17222,0,0,0
256,2018-01-03,Wednesday,3,1,2018,16:27,40.62687187,22.95287893,A,17182,0,0,0
257,2018-01-03,Wednesday,3,1,2018,16:28,40.62680541,22.95284882,A,17182,0,0,0
258,2018-01-03,Wednesday,3,1,2018,16:29,40.6267861,22.95285143,A,17182,0,0,0
259,2018-01-03,Wednesday,3,1,2018,16:29,40.6267861,22.95285143,A,17182,1,0,0
260,2018-01-03,Wednesday,3,1,2018,16:31,40.62678332,22.94946692,A,17254,0,0,0
261,2018-01-03,Wednesday,3,1,2018,16:31,40.62677772,22.95287918,A,17182,0,0,0
262,2018-01-03,Wednesday,3,1,2018,16:31,40.62749251,22.94996714,A,27,0,0,0
263,2018-01-03,Wednesday,3,1,2018,16:32,40.62692862,22.94958708,A,17254,0,0,0
264,2018-01-03,Wednesday,3,1,2018,16:34,40.62676555,22.95280957,A,17182,0,0,0
265,2018-01-03,Wednesday,3,1,2018,16:34,40.62735708,22.94999612,A,17254,0,0,0
266,2018-01-03,Wednesday,3,1,2018,16:34,40.62693639,22.94957392,A,17254,1,0,0
267,2018-01-03,Wednesday,3,1,2018,16:36,40.62689116,22.94958658,A,17254,0,0,0
268,2018-01-03,Wednesday,3,1,2018,16:38,40.62684854,22.9494952,A,17254,1,0,0
269,2018-01-03,Wednesday,3,1,2018,16:39,40.62681455,22.94950885,A,17254,0,0,0
270,2018-01-03,Wednesday,3,1,2018,16:42,40.62689063,22.94945163,A,17254,0,0,0
271,2018-01-03,Wednesday,3,1,2018,16:43,40.62689231,22.94942992,A,17254,0,0,0
272,2018-01-03,Wednesday,3,1,2018,16:44,40.6269377,22.94953776,A,17254,0,0,0
273,2018-01-03,Wednesday,3,1,2018,16:44,40.62680764,22.94948217,A,17254,0,0,0
274,2018-01-03,Wednesday,3,1,2018,16:24,40.62691554,22.95289244,A,17182,0,0,0
275,2018-01-03,Wednesday,3,1,2018,16:24,40.62693088,22.95289634,A,17182,1,0,0
276,2018-01-03,Wednesday,3,1,2018,16:23,40.62769415,22.9502479,A,17254,0,0,0
277,2018-01-03,Wednesday,3,1,2018,16:23,40.62694876,22.95291217,A,17182,0,0,0
278,2018-01-03,Wednesday,3,1,2018,16:15,40.62722852,22.95297211,A,17182,0,0,0
279,2018-01-03,Wednesday,3,1,2018,16:15,40.62722852,22.95297211,A,17182,0,0,0
280,2018-01-03,Wednesday,3,1,2018,16:16,40.62716932,22.95302509,A,17182,0,0,0
281,2018-01-03,Wednesday,3,1,2018,16:17,40.62776088,22.95035805,A,17254,0,0,0
282,2018-01-03,Wednesday,3,1,2018,16:17,40.62736094,22.94997877,A,17254,1,0,0
283,2018-01-03,Wednesday,3,1,2018,16:18,40.62734643,22.95007263,A,17254,0,0,0
284,2018-01-03,Wednesday,3,1,2018,16:18,40.62715859,22.95298306,A,17182,0,0,0
285,2018-01-03,Wednesday,3,1,2018,16:19,40.62713931,22.95292079,A,17182,0,0,0
286,2018-01-03,Wednesday,3,1,2018,16:19,40.62713931,22.95292079,A,17182,0,0,0
287,2018-01-03,Wednesday,3,1,2018,16:19,40.62713931,22.95292079,A,17182,0,0,0
288,2018-01-03,Wednesday,3,1,2018,16:01,40.62814232,22.95311212,A,17361,1,0,0
289,2018-01-03,Wednesday,3,1,2018,16:19,40.62713931,22.95292079,A,17182,0,0,0
290,2018-01-03,Wednesday,3,1,2018,16:20,40.62710201,22.95291836,A,17182,0,0,0
291,2018-01-03,Wednesday,3,1,2018,16:20,40.62710201,22.95291836,A,17182,0,0,0
292,2018-01-03,Wednesday,3,1,2018,16:20,40.62710201,22.95291836,A,17182,1,0,0
293,2018-01-03,Wednesday,3,1,2018,16:20,40.62768457,22.95031099,A,17254,0,0,0
294,2018-01-03,Wednesday,3,1,2018,16:21,40.62704145,22.9529397,A,17182,1,0,0
295,2018-01-03,Wednesday,3,1,2018,16:21,40.62702408,22.95292608,A,17182,1,0,0
296,2018-01-03,Wednesday,3,1,2018,16:21,40.62698939,22.95291723,A,17182,0,0,0
297,2018-01-03,Wednesday,3,1,2018,16:22,40.62698162,22.95293252,A,17182,0,0,0
298,2018-01-03,Wednesday,3,1,2018,16:23,40.62695918,22.952912,A,17182,0,0,0
299,2018-01-03,Wednesday,3,1,2018,16:23,40.62694876,22.95291217,A,17182,0,0,0
300,2018-01-03,Wednesday,3,1,2018,16:19,40.62713931,22.95292079,A,17182,0,0,0
301,2018-01-03,Wednesday,3,1,2018,12:09,40.6364528,22.94625991,A,20548,1,0,0
302,2018-01-03,Wednesday,3,1,2018,16:01,40.62812241,22.95314023,A,17361,0,0,0
303,2018-01-03,Wednesday,3,1,2018,16:01,40.62874939,22.9512933,A,17644,0,0,0
304,2018-01-03,Wednesday,3,1,2018,15:40,40.63053395,22.9445893,A,11,1,0,0
305,2018-01-03,Wednesday,3,1,2018,15:40,40.63056765,22.94461717,A,11,0,0,0
306,2018-01-03,Wednesday,3,1,2018,15:42,40.62951489,22.95198387,A,17644,0,0,0
307,2018-01-03,Wednesday,3,1,2018,15:42,40.6305532,22.94460183,A,11,0,0,0
308,2018-01-03,Wednesday,3,1,2018,15:42,40.62936449,22.95159148,A,17742,0,0,0
309,2018-01-03,Wednesday,3,1,2018,15:42,40.62891449,22.95374124,A,17622,0,0,0
310,2018-01-03,Wednesday,3,1,2018,15:42,40.62891449,22.95374124,A,17622,0,0,0
311,2018-01-03,Wednesday,3,1,2018,15:43,40.62955826,22.95206188,A,75,1,0,0
312,2018-01-03,Wednesday,3,1,2018,15:43,40.6305442,22.94463353,A,11,0,0,0
313,2018-01-03,Wednesday,3,1,2018,15:44,40.62866206,22.95328315,A,17622,0,0,0
314,2018-01-03,Wednesday,3,1,2018,15:44,40.62865605,22.95325845,A,17622,0,0,0
315,2018-01-03,Wednesday,3,1,2018,15:44,40.62865449,22.95324547,A,17622,0,0,0
316,2018-01-03,Wednesday,3,1,2018,15:45,40.63058799,22.94468013,A,11,1,0,0
317,2018-01-03,Wednesday,3,1,2018,15:45,40.63058406,22.94471219,A,11,0,0,0
318,2018-01-03,Wednesday,3,1,2018,15:45,40.62868607,22.95315795,A,17622,0,0,0
319,2018-01-03,Wednesday,3,1,2018,15:45,40.62868607,22.95315795,A,17622,0,0,0
320,2018-01-03,Wednesday,3,1,2018,15:45,40.62868607,22.95315795,A,17622,0,0,0
321,2018-01-03,Wednesday,3,1,2018,15:45,40.62866642,22.95313122,A,17622,0,0,0
322,2018-01-03,Wednesday,3,1,2018,15:45,40.62866281,22.9531021,A,17622,0,0,0
323,2018-01-03,Wednesday,3,1,2018,15:46,40.6293679,22.95171915,A,17742,0,0,0
324,2018-01-03,Wednesday,3,1,2018,15:46,40.62880141,22.95134253,A,17644,0,0,0
325,2018-01-03,Wednesday,3,1,2018,15:40,40.63052396,22.9445564,A,11,1,0,0
326,2018-01-03,Wednesday,3,1,2018,15:46,40.63135897,22.94346672,A,18513,0,0,0
327,2018-01-03,Wednesday,3,1,2018,15:40,40.62942719,22.95194805,A,17644,0,0,0
328,2018-01-03,Wednesday,3,1,2018,15:40,40.62881312,22.95316592,A,17622,0,0,0
329,2018-01-03,Wednesday,3,1,2018,15:29,40.63008702,22.94393055,A,10,0,0,0
330,2018-01-03,Wednesday,3,1,2018,15:29,40.63011019,22.94392274,A,10,0,0,0
331,2018-01-03,Wednesday,3,1,2018,15:31,40.62978038,22.95190205,A,17822,0,0,0
332,2018-01-03,Wednesday,3,1,2018,15:31,40.63011738,22.9439936,A,10,1,0,0
333,2018-01-03,Wednesday,3,1,2018,15:31,40.63013237,22.94405334,A,10,0,0,0
334,2018-01-03,Wednesday,3,1,2018,15:32,40.63030247,22.9443678,A,11,0,0,0
335,2018-01-03,Wednesday,3,1,2018,15:33,40.63015863,22.94407089,A,10,0,0,0
336,2018-01-03,Wednesday,3,1,2018,15:34,40.6293346,22.95187351,A,17644,0,0,0
337,2018-01-03,Wednesday,3,1,2018,15:34,40.63014947,22.94407693,A,10,0,0,0
338,2018-01-03,Wednesday,3,1,2018,15:35,40.62956889,22.95182719,A,17742,0,0,0
339,2018-01-03,Wednesday,3,1,2018,15:35,40.62888527,22.9537347,A,17622,0,0,0
340,2018-01-03,Wednesday,3,1,2018,15:36,40.63015674,22.94415792,A,10,0,0,0
341,2018-01-03,Wednesday,3,1,2018,15:36,40.62945076,22.95187082,A,17742,1,0,0
342,2018-01-03,Wednesday,3,1,2018,15:36,40.62890202,22.95372201,A,17622,0,0,0
343,2018-01-03,Wednesday,3,1,2018,15:36,40.62903282,22.9530599,A,17622,0,0,0
344,2018-01-03,Wednesday,3,1,2018,15:38,40.63039725,22.94447168,A,11,0,0,0
345,2018-01-03,Wednesday,3,1,2018,15:38,40.62961738,22.95168797,A,17742,0,0,0
346,2018-01-03,Wednesday,3,1,2018,15:38,40.63041917,22.94446942,A,11,0,0,0
347,2018-01-03,Wednesday,3,1,2018,15:38,40.62900169,22.95315485,A,17622,0,0,0
348,2018-01-03,Wednesday,3,1,2018,15:39,40.62884029,22.95318618,A,17622,1,0,0
349,2018-01-03,Wednesday,3,1,2018,15:40,40.63042628,22.94448994,A,11,1,0,0
350,2018-01-03,Wednesday,3,1,2018,15:40,40.63044425,22.94450162,A,11,1,0,0
351,2018-01-03,Wednesday,3,1,2018,15:47,40.63138319,22.94347676,A,18513,0,0,0
352,2018-01-03,Wednesday,3,1,2018,15:47,40.63141374,22.9435005,A,18513,0,0,0
353,2018-01-03,Wednesday,3,1,2018,15:47,40.62865026,22.95311269,A,17622,1,0,0
354,2018-01-03,Wednesday,3,1,2018,15:54,40.62854158,22.95327652,A,17622,0,0,0
355,2018-01-03,Wednesday,3,1,2018,15:54,40.62834157,22.95082004,A,17472,0,0,0
356,2018-01-03,Wednesday,3,1,2018,15:54,40.62912036,22.95129886,A,17742,1,0,0
357,2018-01-03,Wednesday,3,1,2018,15:55,40.62909868,22.95129767,A,17742,1,0,0
358,2018-01-03,Wednesday,3,1,2018,15:55,40.62891717,22.95138856,A,17644,1,0,0
359,2018-01-03,Wednesday,3,1,2018,15:55,40.62888911,22.95129192,A,17644,1,0,0
360,2018-01-03,Wednesday,3,1,2018,15:56,40.62844931,22.95082832,A,17424,0,0,0
361,2018-01-03,Wednesday,3,1,2018,15:56,40.62888071,22.95129437,A,17644,1,0,0
362,2018-01-03,Wednesday,3,1,2018,15:56,40.63211434,22.94229566,A,18683,0,0,0
363,2018-01-03,Wednesday,3,1,2018,15:56,40.62883873,22.95130858,A,17644,0,0,0
364,2018-01-03,Wednesday,3,1,2018,15:57,40.63211652,22.94229249,A,18683,1,0,0
365,2018-01-03,Wednesday,3,1,2018,15:57,40.63221016,22.94210738,A,18683,1,0,0
366,2018-01-03,Wednesday,3,1,2018,15:57,40.63228165,22.9418428,A,18683,1,0,0
367,2018-01-03,Wednesday,3,1,2018,15:58,40.6284349,22.95093597,A,17424,0,0,0
368,2018-01-03,Wednesday,3,1,2018,15:58,40.62822057,22.95315813,A,17361,1,0,0
369,2018-01-03,Wednesday,3,1,2018,15:58,40.62815778,22.9531509,A,17361,0,0,0
370,2018-01-03,Wednesday,3,1,2018,15:58,40.62873496,22.95137432,A,17644,0,0,0
371,2018-01-03,Wednesday,3,1,2018,15:58,40.63235972,22.94176631,A,18683,0,0,0
372,2018-01-03,Wednesday,3,1,2018,15:59,40.63237177,22.94176245,A,18683,0,0,0
373,2018-01-03,Wednesday,3,1,2018,16:00,40.62840053,22.95108278,A,17424,0,0,0
374,2018-01-03,Wednesday,3,1,2018,16:00,40.62868167,22.95131208,A,79,0,0,0
375,2018-01-03,Wednesday,3,1,2018,15:54,40.62857338,22.9532187,A,17622,0,0,0
376,2018-01-03,Wednesday,3,1,2018,15:54,40.62858246,22.95319003,A,17622,0,0,0
377,2018-01-03,Wednesday,3,1,2018,15:53,40.6282816,22.95074972,A,17424,1,0,0
378,2018-01-03,Wednesday,3,1,2018,15:53,40.62818404,22.95075944,A,17424,1,0,0
379,2018-01-03,Wednesday,3,1,2018,15:48,40.63150493,22.94350166,A,18513,1,0,0
380,2018-01-03,Wednesday,3,1,2018,15:48,40.63149365,22.94331628,A,18513,0,0,0
381,2018-01-03,Wednesday,3,1,2018,15:48,40.62871004,22.95323574,A,17622,0,0,0
382,2018-01-03,Wednesday,3,1,2018,15:48,40.63146409,22.94336592,A,18513,1,0,0
383,2018-01-03,Wednesday,3,1,2018,15:49,40.6315447,22.94318728,A,18513,0,0,0
384,2018-01-03,Wednesday,3,1,2018,15:49,40.62861186,22.95304347,A,17622,1,0,0
385,2018-01-03,Wednesday,3,1,2018,15:49,40.62861186,22.95304347,A,17622,1,0,0
386,2018-01-03,Wednesday,3,1,2018,15:49,40.63151928,22.94317655,A,18513,0,0,0
387,2018-01-03,Wednesday,3,1,2018,15:49,40.63151928,22.94317655,A,18513,0,0,0
388,2018-01-03,Wednesday,3,1,2018,15:49,40.63151928,22.94317655,A,18513,0,0,0
389,2018-01-03,Wednesday,3,1,2018,16:01,40.62812987,22.95312598,A,17361,0,0,0
390,2018-01-03,Wednesday,3,1,2018,15:49,40.63151928,22.94317655,A,18513,0,0,0
391,2018-01-03,Wednesday,3,1,2018,15:49,40.63151123,22.94316903,A,18513,0,0,0
392,2018-01-03,Wednesday,3,1,2018,15:49,40.63150222,22.94316694,A,18513,0,0,0
393,2018-01-03,Wednesday,3,1,2018,15:49,40.63150222,22.94316694,A,18513,0,0,0
394,2018-01-03,Wednesday,3,1,2018,15:49,40.63150222,22.94316694,A,18513,0,0,0
395,2018-01-03,Wednesday,3,1,2018,15:49,40.63150222,22.94316694,A,18513,0,0,0
396,2018-01-03,Wednesday,3,1,2018,15:49,40.62860129,22.9528733,A,88,1,0,0
397,2018-01-03,Wednesday,3,1,2018,15:49,40.63151917,22.94315671,A,18513,0,0,0
398,2018-01-03,Wednesday,3,1,2018,15:50,40.62900925,22.95135759,A,17742,0,0,0
399,2018-01-03,Wednesday,3,1,2018,15:52,40.62818602,22.95077146,A,17424,1,0,0
400,2018-01-03,Wednesday,3,1,2018,15:52,40.62911879,22.95130218,A,17742,0,0,0
401,2018-01-03,Wednesday,3,1,2018,15:49,40.63151928,22.94317655,A,18513,0,0,0
402,2018-01-03,Wednesday,3,1,2018,12:09,40.63649213,22.94628579,A,20548,1,0,0
403,2018-01-03,Wednesday,3,1,2018,14:43,40.62758673,22.95001228,A,27,1,0,0
404,2018-01-03,Wednesday,3,1,2018,12:09,40.63652796,22.94628752,A,20548,1,0,0
405,2018-01-03,Wednesday,3,1,2018,09:03,40.62944966,22.95189969,A,17644,0,0,0
406,2018-01-03,Wednesday,3,1,2018,09:05,40.62920628,22.95157923,A,17644,0,0,0
407,2018-01-03,Wednesday,3,1,2018,09:05,40.62931086,22.95184869,A,17644,0,0,0
408,2018-01-03,Wednesday,3,1,2018,09:06,40.629292,22.95174245,A,17644,0,0,0
409,2018-01-03,Wednesday,3,1,2018,09:06,40.63553828,22.94560783,A,197,0,0,0
410,2018-01-03,Wednesday,3,1,2018,09:07,40.62929124,22.95162971,A,17742,0,0,0
411,2018-01-03,Wednesday,3,1,2018,09:07,40.63588611,22.94594715,A,197,0,0,0
412,2018-01-03,Wednesday,3,1,2018,09:08,40.63587142,22.94588502,A,197,0,0,0
413,2018-01-03,Wednesday,3,1,2018,09:08,40.62881841,22.95131612,A,17644,0,0,0
414,2018-01-03,Wednesday,3,1,2018,09:09,40.62923493,22.95166676,A,17644,0,0,0
415,2018-01-03,Wednesday,3,1,2018,09:09,40.63619687,22.94627004,A,198,1,0,0
416,2018-01-03,Wednesday,3,1,2018,09:10,40.63589427,22.9458992,A,197,1,0,0
417,2018-01-03,Wednesday,3,1,2018,09:10,40.63629753,22.94628184,A,20548,0,0,0
418,2018-01-03,Wednesday,3,1,2018,09:10,40.62873941,22.9511591,A,17644,1,0,0
419,2018-01-03,Wednesday,3,1,2018,09:10,40.62925771,22.95160441,A,17742,0,0,0
420,2018-01-03,Wednesday,3,1,2018,09:10,40.62877532,22.95117678,A,17742,0,0,0
421,2018-01-03,Wednesday,3,1,2018,09:10,40.6361511,22.94608519,A,20548,0,0,0
422,2018-01-03,Wednesday,3,1,2018,09:11,40.62879958,22.95116187,A,17742,0,0,0
423,2018-01-03,Wednesday,3,1,2018,09:11,40.62895213,22.9515169,A,17644,0,0,0
424,2018-01-03,Wednesday,3,1,2018,09:12,40.63637068,22.94642048,A,198,0,0,0
425,2018-01-03,Wednesday,3,1,2018,09:13,40.63640702,22.94635855,A,20548,0,0,0
426,2018-01-03,Wednesday,3,1,2018,09:01,40.63618262,22.94601945,A,20548,1,0,0
427,2018-01-03,Wednesday,3,1,2018,09:13,40.63637051,22.94640819,A,198,1,0,0
428,2018-01-03,Wednesday,3,1,2018,09:01,40.63610634,22.94590005,A,20548,0,0,0
429,2018-01-03,Wednesday,3,1,2018,09:01,40.63607251,22.94582441,A,20548,1,0,0
430,2018-01-03,Wednesday,3,1,2018,08:55,40.63661547,22.94632261,A,20548,0,0,0
431,2018-01-03,Wednesday,3,1,2018,12:09,40.63650863,22.94628837,A,20548,1,0,0
432,2018-01-03,Wednesday,3,1,2018,08:55,40.63661705,22.94630733,A,20548,1,0,0
433,2018-01-03,Wednesday,3,1,2018,08:56,40.63659315,22.94630658,A,20548,1,0,0
434,2018-01-03,Wednesday,3,1,2018,08:56,40.63655252,22.94630592,A,20548,0,0,0
435,2018-01-03,Wednesday,3,1,2018,08:57,40.63042462,22.95273176,A,18024,0,0,0
436,2018-01-03,Wednesday,3,1,2018,08:57,40.63051232,22.95276793,A,28323,1,0,0
437,2018-01-03,Wednesday,3,1,2018,08:57,40.63634326,22.94616451,A,20548,1,0,0
438,2018-01-03,Wednesday,3,1,2018,08:57,40.63632921,22.9461398,A,20548,0,0,0
439,2018-01-03,Wednesday,3,1,2018,08:57,40.63049295,22.95268328,A,28323,1,0,0
440,2018-01-03,Wednesday,3,1,2018,08:58,40.63046652,22.95263827,A,28323,0,0,0
441,2018-01-03,Wednesday,3,1,2018,08:58,40.6361613,22.94579118,A,20548,0,0,0
442,2018-01-03,Wednesday,3,1,2018,08:58,40.63041469,22.95279323,A,18024,0,0,0
443,2018-01-03,Wednesday,3,1,2018,08:58,40.6362892,22.94605038,A,20548,1,0,0
444,2018-01-03,Wednesday,3,1,2018,08:58,40.63631621,22.94604114,A,20548,1,0,0
445,2018-01-03,Wednesday,3,1,2018,08:59,40.6362673,22.94605977,A,20548,1,0,0
446,2018-01-03,Wednesday,3,1,2018,08:59,40.63620539,22.94595555,A,20548,0,0,0
447,2018-01-03,Wednesday,3,1,2018,08:59,40.63616432,22.94599051,A,20548,0,0,0
448,2018-01-03,Wednesday,3,1,2018,08:59,40.63041303,22.95279226,A,18024,0,0,0
449,2018-01-03,Wednesday,3,1,2018,09:00,40.63047313,22.95262574,A,28323,1,0,0
450,2018-01-03,Wednesday,3,1,2018,09:00,40.63610983,22.9457378,A,20548,1,0,0
451,2018-01-03,Wednesday,3,1,2018,09:01,40.63609908,22.94586495,A,20548,1,0,0
452,2018-01-03,Wednesday,3,1,2018,09:13,40.63647853,22.94637446,A,20548,0,0,0
453,2018-01-03,Wednesday,3,1,2018,09:14,40.62881126,22.95113651,A,17742,0,0,0
454,2018-01-03,Wednesday,3,1,2018,09:15,40.62883631,22.95115269,A,17742,0,0,0
455,2018-01-03,Wednesday,3,1,2018,09:41,40.62689517,22.94957913,A,17254,0,0,0
456,2018-01-03,Wednesday,3,1,2018,11:00,40.62668399,22.95276667,A,17182,0,0,0
457,2018-01-03,Wednesday,3,1,2018,11:01,40.62674846,22.95286893,A,17182,0,0,0
458,2018-01-03,Wednesday,3,1,2018,11:02,40.62793263,22.95274534,A,87,1,0,0
459,2018-01-03,Wednesday,3,1,2018,11:02,40.62683882,22.95286127,A,17182,0,0,0
460,2018-01-03,Wednesday,3,1,2018,11:02,40.62800725,22.9529945,A,17361,0,0,0
461,2018-01-03,Wednesday,3,1,2018,11:03,40.62684526,22.95285931,A,17182,1,0,0
462,2018-01-03,Wednesday,3,1,2018,11:03,40.62689618,22.95287685,A,17182,0,0,0
463,2018-01-03,Wednesday,3,1,2018,11:04,40.62694866,22.95287476,A,17182,0,0,0
464,2018-01-03,Wednesday,3,1,2018,11:05,40.62807099,22.95307358,A,17361,0,0,0
465,2018-01-03,Wednesday,3,1,2018,11:05,40.62806564,22.9530517,A,17361,1,0,0
466,2018-01-03,Wednesday,3,1,2018,11:05,40.62804471,22.95299359,A,17361,1,0,0
467,2018-01-03,Wednesday,3,1,2018,11:05,40.62801455,22.95301213,A,17361,0,0,0
468,2018-01-03,Wednesday,3,1,2018,11:05,40.62699833,22.95288743,A,17182,0,0,0
469,2018-01-03,Wednesday,3,1,2018,11:05,40.62801455,22.95301213,A,17361,0,0,0
470,2018-01-03,Wednesday,3,1,2018,11:05,40.62801455,22.95301213,A,17361,0,0,0
471,2018-01-03,Wednesday,3,1,2018,11:06,40.62796365,22.95299163,A,17361,0,0,0
472,2018-01-03,Wednesday,3,1,2018,11:06,40.62696286,22.95281296,A,17182,1,0,0
473,2018-01-03,Wednesday,3,1,2018,11:06,40.62700494,22.95284049,A,17182,0,0,0
474,2018-01-03,Wednesday,3,1,2018,09:41,40.62730593,22.94981604,A,17322,0,0,0
475,2018-01-03,Wednesday,3,1,2018,09:39,40.62734413,22.94984214,A,17322,0,0,0
476,2018-01-03,Wednesday,3,1,2018,09:38,40.62746393,22.94988595,A,17322,0,0,0
477,2018-01-03,Wednesday,3,1,2018,09:37,40.62749409,22.95003622,A,17254,0,0,0
478,2018-01-03,Wednesday,3,1,2018,09:17,40.62885083,22.95112329,A,17742,1,0,0
479,2018-01-03,Wednesday,3,1,2018,09:18,40.62853711,22.95096885,A,17472,0,0,0
480,2018-01-03,Wednesday,3,1,2018,09:21,40.62854671,22.95095922,A,17472,0,0,0
481,2018-01-03,Wednesday,3,1,2018,09:24,40.62828598,22.95083126,A,17424,0,0,0
482,2018-01-03,Wednesday,3,1,2018,09:26,40.62828616,22.95084012,A,17424,0,0,0
483,2018-01-03,Wednesday,3,1,2018,09:26,40.63647218,22.94624606,A,20548,1,0,0
484,2018-01-03,Wednesday,3,1,2018,09:26,40.63645712,22.94630783,A,20548,1,0,0
485,2018-01-03,Wednesday,3,1,2018,09:27,40.62842077,22.95060496,A,17472,0,0,0
486,2018-01-03,Wednesday,3,1,2018,09:27,40.62842077,22.95060496,A,17472,0,0,0
487,2018-01-03,Wednesday,3,1,2018,09:27,40.63648288,22.94626379,A,20548,1,0,0
488,2018-01-03,Wednesday,3,1,2018,08:55,40.63666865,22.94651007,A,20548,1,0,0
489,2018-01-03,Wednesday,3,1,2018,09:28,40.62833277,22.95063554,A,17472,0,0,0
490,2018-01-03,Wednesday,3,1,2018,09:31,40.62778235,22.95046235,A,17254,1,0,0
491,2018-01-03,Wednesday,3,1,2018,09:31,40.62788038,22.95044172,A,17254,1,0,0
492,2018-01-03,Wednesday,3,1,2018,09:31,40.62775307,22.95039397,A,17254,0,0,0
493,2018-01-03,Wednesday,3,1,2018,09:31,40.62775307,22.95039397,A,17254,0,0,0
494,2018-01-03,Wednesday,3,1,2018,09:32,40.62772636,22.95030832,A,17254,0,0,0
495,2018-01-03,Wednesday,3,1,2018,09:33,40.62774739,22.95036181,A,17254,0,0,0
496,2018-01-03,Wednesday,3,1,2018,09:33,40.62745428,22.9500811,A,17254,0,0,0
497,2018-01-03,Wednesday,3,1,2018,09:34,40.62742074,22.95008883,A,17254,0,0,0
498,2018-01-03,Wednesday,3,1,2018,09:36,40.62734735,22.95013458,A,17254,0,0,0
499,2018-01-03,Wednesday,3,1,2018,09:36,40.62748819,22.95004739,A,17254,0,0,0
500,2018-01-03,Wednesday,3,1,2018,09:31,40.62781458,22.9505361,A,17254,1,0,0
501,2018-01-03,Wednesday,3,1,2018,08:54,40.63053939,22.95294755,A,18024,1,0,0
502,2018-01-03,Wednesday,3,1,2018,08:54,40.63080336,22.95281487,A,28323,0,0,0
503,2018-01-03,Wednesday,3,1,2018,08:53,40.63057887,22.95305251,A,18024,0,0,0
504,2018-01-03,Wednesday,3,1,2018,08:23,40.62901498,22.95308658,A,17622,0,0,0
505,2018-01-03,Wednesday,3,1,2018,08:23,40.62902852,22.95308416,A,17622,0,0,0
506,2018-01-03,Wednesday,3,1,2018,08:23,40.62908615,22.95304749,A,17622,0,0,0
507,2018-01-03,Wednesday,3,1,2018,08:25,40.63755415,22.94407799,A,20544,0,0,0
508,2018-01-03,Wednesday,3,1,2018,08:25,40.6290333,22.95307933,A,17622,0,0,0
509,2018-01-03,Wednesday,3,1,2018,08:25,40.6290333,22.95307933,A,17622,0,0,0
510,2018-01-03,Wednesday,3,1,2018,08:25,40.6290333,22.95307933,A,17622,0,0,0
511,2018-01-03,Wednesday,3,1,2018,08:25,40.6290333,22.95307933,A,17622,0,0,0
512,2018-01-03,Wednesday,3,1,2018,08:26,40.63757679,22.94414265,A,20544,0,0,0
513,2018-01-03,Wednesday,3,1,2018,08:26,40.63768364,22.94422606,A,20544,0,0,0
514,2018-01-03,Wednesday,3,1,2018,08:27,40.637732,22.94431703,A,20544,0,0,0
515,2018-01-03,Wednesday,3,1,2018,08:27,40.62901823,22.95314008,A,17622,0,0,0
516,2018-01-03,Wednesday,3,1,2018,08:27,40.63750452,22.94412916,A,20544,0,0,0
517,2018-01-03,Wednesday,3,1,2018,08:27,40.62905102,22.95312501,A,17622,0,0,0
518,2018-01-03,Wednesday,3,1,2018,08:29,40.62969771,22.95333512,A,18022,0,0,0
519,2018-01-03,Wednesday,3,1,2018,08:29,40.63767774,22.94422363,A,20544,0,0,0
520,2018-01-03,Wednesday,3,1,2018,08:29,40.63747409,22.9441173,A,20544,1,0,0
521,2018-01-03,Wednesday,3,1,2018,08:30,40.62952399,22.95329748,A,18022,1,0,0
522,2018-01-03,Wednesday,3,1,2018,08:30,40.63740108,22.94405023,A,20544,1,0,0
523,2018-01-03,Wednesday,3,1,2018,08:30,40.63725972,22.94391524,A,20544,1,0,0
524,2018-01-03,Wednesday,3,1,2018,08:30,40.63724902,22.9438416,A,20544,0,0,0
525,2018-01-03,Wednesday,3,1,2018,08:23,40.62900368,22.95309791,A,17622,0,0,0
526,2018-01-03,Wednesday,3,1,2018,08:23,40.62896295,22.9531063,A,17622,0,0,0
527,2018-01-03,Wednesday,3,1,2018,08:21,40.6286534,22.95311834,A,17622,0,0,0
528,2018-01-03,Wednesday,3,1,2018,08:20,40.62882389,22.95312965,A,17622,0,0,0
529,2018-01-03,Wednesday,3,1,2018,08:02,40.62680016,22.95281849,A,17182,0,0,0
530,2018-01-03,Wednesday,3,1,2018,08:04,40.62679788,22.95284486,A,17182,0,0,0
531,2018-01-03,Wednesday,3,1,2018,08:04,40.6268074,22.95284502,A,17182,0,0,0
532,2018-01-03,Wednesday,3,1,2018,08:04,40.62704951,22.95292729,A,17182,0,0,0
533,2018-01-03,Wednesday,3,1,2018,08:06,40.62680919,22.95286069,A,17182,0,0,0
534,2018-01-03,Wednesday,3,1,2018,08:07,40.62707699,22.95291767,A,17182,0,0,0
535,2018-01-03,Wednesday,3,1,2018,08:07,40.62677911,22.95285833,A,17182,0,0,0
536,2018-01-03,Wednesday,3,1,2018,08:07,40.62677911,22.95285833,A,17182,0,0,0
537,2018-01-03,Wednesday,3,1,2018,08:30,40.63727305,22.94386379,A,20544,0,0,0
538,2018-01-03,Wednesday,3,1,2018,08:07,40.62677911,22.95285833,A,17182,0,0,0
539,2018-01-03,Wednesday,3,1,2018,08:08,40.62694895,22.95285867,A,17182,0,0,0
540,2018-01-03,Wednesday,3,1,2018,08:09,40.62684168,22.95282329,A,17182,0,0,0
541,2018-01-03,Wednesday,3,1,2018,08:12,40.62765596,22.95307751,A,17361,0,0,0
542,2018-01-03,Wednesday,3,1,2018,08:13,40.62767039,22.95302086,A,17361,0,0,0
543,2018-01-03,Wednesday,3,1,2018,08:14,40.62773856,22.95294982,A,17361,0,0,0
544,2018-01-03,Wednesday,3,1,2018,08:15,40.62774486,22.95301371,A,17361,0,0,0
545,2018-01-03,Wednesday,3,1,2018,08:16,40.62787164,22.95311593,A,17361,0,0,0
546,2018-01-03,Wednesday,3,1,2018,08:17,40.62803507,22.95286464,A,87,0,0,0
547,2018-01-03,Wednesday,3,1,2018,08:18,40.62811962,22.95311071,A,17361,1,0,0
548,2018-01-03,Wednesday,3,1,2018,08:18,40.62811026,22.95310975,A,17361,0,0,0
549,2018-01-03,Wednesday,3,1,2018,08:07,40.62677911,22.95285833,A,17182,0,0,0
550,2018-01-03,Wednesday,3,1,2018,11:07,40.62704452,22.95288119,A,17182,0,0,0
551,2018-01-03,Wednesday,3,1,2018,08:30,40.62984854,22.95329336,A,18022,0,0,0
552,2018-01-03,Wednesday,3,1,2018,08:32,40.63764876,22.94407059,A,20672,0,0,0
553,2018-01-03,Wednesday,3,1,2018,08:47,40.63630097,22.94595288,A,20548,0,0,0
554,2018-01-03,Wednesday,3,1,2018,08:47,40.63735877,22.94542821,A,20783,0,0,0
555,2018-01-03,Wednesday,3,1,2018,08:47,40.63730002,22.94555029,A,20783,0,0,0
556,2018-01-03,Wednesday,3,1,2018,08:48,40.6307596,22.95289051,A,28323,0,0,0
557,2018-01-03,Wednesday,3,1,2018,08:48,40.63063992,22.95297171,A,18024,0,0,0
558,2018-01-03,Wednesday,3,1,2018,08:48,40.63065907,22.95296343,A,18024,0,0,0
559,2018-01-03,Wednesday,3,1,2018,08:48,40.63065907,22.95296343,A,18024,0,0,0
560,2018-01-03,Wednesday,3,1,2018,08:49,40.63713558,22.94561286,A,20541,1,0,0
561,2018-01-03,Wednesday,3,1,2018,08:49,40.63626028,22.94607536,A,20548,0,0,0
562,2018-01-03,Wednesday,3,1,2018,08:49,40.63722059,22.94564917,A,20783,0,0,0
563,2018-01-03,Wednesday,3,1,2018,08:50,40.63714289,22.94583153,A,20783,0,0,0
564,2018-01-03,Wednesday,3,1,2018,08:51,40.63066124,22.95298519,A,18024,0,0,0
565,2018-01-03,Wednesday,3,1,2018,08:51,40.63071637,22.95297753,A,28323,1,0,0
566,2018-01-03,Wednesday,3,1,2018,08:51,40.63051958,22.95290594,A,18024,0,0,0
567,2018-01-03,Wednesday,3,1,2018,08:52,40.63705487,22.94592994,A,20541,1,0,0
568,2018-01-03,Wednesday,3,1,2018,08:52,40.63612359,22.94585912,A,20548,0,0,0
569,2018-01-03,Wednesday,3,1,2018,08:52,40.63701344,22.94603765,A,20783,1,0,0
570,2018-01-03,Wednesday,3,1,2018,08:52,40.63701324,22.94607091,A,20783,0,0,0
571,2018-01-03,Wednesday,3,1,2018,08:52,40.63695848,22.94614177,A,20783,1,0,0
572,2018-01-03,Wednesday,3,1,2018,08:53,40.63693773,22.94616569,A,20783,0,0,0
573,2018-01-03,Wednesday,3,1,2018,08:53,40.63056517,22.95283264,A,28323,0,0,0
574,2018-01-03,Wednesday,3,1,2018,08:45,40.63630175,22.94595159,A,20548,1,0,0
575,2018-01-03,Wednesday,3,1,2018,08:45,40.63735544,22.94540767,A,20783,0,0,0
576,2018-01-03,Wednesday,3,1,2018,08:44,40.63741085,22.94529009,A,20783,0,0,0
577,2018-01-03,Wednesday,3,1,2018,08:44,40.63631751,22.94593212,A,20548,0,0,0
578,2018-01-03,Wednesday,3,1,2018,08:33,40.62988188,22.9532546,A,18022,0,0,0
579,2018-01-03,Wednesday,3,1,2018,08:33,40.6299235,22.95341637,A,18022,0,0,0
580,2018-01-03,Wednesday,3,1,2018,08:33,40.63736422,22.94389916,A,20544,0,0,0
581,2018-01-03,Wednesday,3,1,2018,08:33,40.63737956,22.94397797,A,20544,0,0,0
582,2018-01-03,Wednesday,3,1,2018,08:34,40.63763191,22.9441531,A,20544,0,0,0
583,2018-01-03,Wednesday,3,1,2018,08:34,40.62994434,22.9535166,A,18022,0,0,0
584,2018-01-03,Wednesday,3,1,2018,08:36,40.63016297,22.95336329,A,18022,0,0,0
585,2018-01-03,Wednesday,3,1,2018,08:36,40.6378926,22.94426683,A,20843,0,0,0
586,2018-01-03,Wednesday,3,1,2018,08:37,40.63790355,22.94428021,A,20843,0,0,0
587,2018-01-03,Wednesday,3,1,2018,08:39,40.63042178,22.95339596,A,18022,0,0,0
588,2018-01-03,Wednesday,3,1,2018,08:31,40.62975998,22.95336467,A,18022,0,0,0
589,2018-01-03,Wednesday,3,1,2018,08:40,40.63773098,22.94454908,A,20843,0,0,0
590,2018-01-03,Wednesday,3,1,2018,08:41,40.63652907,22.94615749,A,20548,1,0,0
591,2018-01-03,Wednesday,3,1,2018,08:41,40.63650961,22.94612643,A,20548,1,0,0
592,2018-01-03,Wednesday,3,1,2018,08:41,40.63045421,22.95343735,A,18022,0,0,0
593,2018-01-03,Wednesday,3,1,2018,08:41,40.63755505,22.94506875,A,20783,0,0,0
594,2018-01-03,Wednesday,3,1,2018,08:41,40.63648884,22.94604936,A,20548,1,0,0
595,2018-01-03,Wednesday,3,1,2018,08:42,40.63752996,22.94509141,A,20783,0,0,0
596,2018-01-03,Wednesday,3,1,2018,08:42,40.63641939,22.94605347,A,20548,0,0,0
597,2018-01-03,Wednesday,3,1,2018,08:43,40.63740903,22.94530141,A,20783,0,0,0
598,2018-01-03,Wednesday,3,1,2018,08:44,40.63741085,22.94529009,A,20783,0,0,0
599,2018-01-03,Wednesday,3,1,2018,08:44,40.63741085,22.94529009,A,20783,0,0,0
600,2018-01-03,Wednesday,3,1,2018,08:41,40.63653157,22.94621562,A,20548,1,0,0
601,2018-01-03,Wednesday,3,1,2018,11:08,40.62707466,22.95284467,A,17182,0,0,0
602,2018-01-03,Wednesday,3,1,2018,08:55,40.63669355,22.94651654,A,20303,1,0,0
603,2018-01-03,Wednesday,3,1,2018,11:09,40.62779603,22.95302,A,17361,0,0,0
604,2018-01-03,Wednesday,3,1,2018,11:49,40.63738289,22.94516287,A,20541,1,0,0
605,2018-01-03,Wednesday,3,1,2018,11:49,40.63731921,22.9452934,A,20541,1,0,0
606,2018-01-03,Wednesday,3,1,2018,11:49,40.62916796,22.95145286,A,17742,0,0,0
607,2018-01-03,Wednesday,3,1,2018,11:49,40.6372855,22.9453625,A,20783,0,0,0
608,2018-01-03,Wednesday,3,1,2018,11:50,40.63730167,22.94536383,A,20783,1,0,0
609,2018-01-03,Wednesday,3,1,2018,11:50,40.63728606,22.94539202,A,20783,0,0,0
610,2018-01-03,Wednesday,3,1,2018,11:50,40.62926845,22.95147641,A,17742,0,0,0
611,2018-01-03,Wednesday,3,1,2018,11:52,40.62920884,22.9514251,A,17742,1,0,0
612,2018-01-03,Wednesday,3,1,2018,11:52,40.62915823,22.95134491,A,17742,0,0,0
613,2018-01-03,Wednesday,3,1,2018,11:53,40.62883724,22.95135635,A,17644,0,0,0
614,2018-01-03,Wednesday,3,1,2018,11:53,40.62883724,22.95135635,A,17644,1,0,0
615,2018-01-03,Wednesday,3,1,2018,11:53,40.63725285,22.94545169,A,20541,0,0,0
616,2018-01-03,Wednesday,3,1,2018,11:53,40.6372511,22.94546539,A,20541,0,0,0
617,2018-01-03,Wednesday,3,1,2018,11:54,40.6289413,22.95138665,A,17742,1,0,0
618,2018-01-03,Wednesday,3,1,2018,11:54,40.6289413,22.95138665,A,17742,0,0,0
619,2018-01-03,Wednesday,3,1,2018,11:54,40.62864222,22.95097803,A,17472,1,0,0
620,2018-01-03,Wednesday,3,1,2018,11:55,40.62864222,22.95097803,A,17472,0,0,0
621,2018-01-03,Wednesday,3,1,2018,11:55,40.6288749,22.95131097,A,17644,0,0,0
622,2018-01-03,Wednesday,3,1,2018,11:55,40.62904767,22.95129705,A,17742,1,0,0
623,2018-01-03,Wednesday,3,1,2018,11:56,40.62890558,22.95121124,A,17742,1,0,0
624,2018-01-03,Wednesday,3,1,2018,11:56,40.63716724,22.9455463,A,20783,0,0,0
625,2018-01-03,Wednesday,3,1,2018,11:49,40.63739801,22.94518212,A,20783,0,0,0
626,2018-01-03,Wednesday,3,1,2018,11:56,40.62880954,22.95122584,A,17742,1,0,0
627,2018-01-03,Wednesday,3,1,2018,11:49,40.63738135,22.94516791,A,20541,0,0,0
628,2018-01-03,Wednesday,3,1,2018,11:48,40.63751978,22.9449422,A,20783,1,0,0
629,2018-01-03,Wednesday,3,1,2018,11:37,40.63775414,22.94430594,A,20544,1,0,0
630,2018-01-03,Wednesday,3,1,2018,11:37,40.63772199,22.94428908,A,20544,0,0,0
631,2018-01-03,Wednesday,3,1,2018,11:37,40.63764716,22.94427983,A,20544,0,0,0
632,2018-01-03,Wednesday,3,1,2018,11:37,40.6306491,22.95271612,A,28323,0,0,0
633,2018-01-03,Wednesday,3,1,2018,11:37,40.63763541,22.94425951,A,20544,1,0,0
634,2018-01-03,Wednesday,3,1,2018,11:37,40.63763541,22.94425951,A,20544,1,0,0
635,2018-01-03,Wednesday,3,1,2018,11:37,40.63765965,22.94426735,A,20544,1,0,0
636,2018-01-03,Wednesday,3,1,2018,11:38,40.63059457,22.95264957,A,28323,0,0,0
637,2018-01-03,Wednesday,3,1,2018,11:39,40.63030108,22.95251134,A,18024,1,0,0
638,2018-01-03,Wednesday,3,1,2018,11:40,40.63775038,22.94450605,A,20843,0,0,0
639,2018-01-03,Wednesday,3,1,2018,11:40,40.63013161,22.95253924,A,18024,1,0,0
640,2018-01-03,Wednesday,3,1,2018,11:40,40.63021636,22.95251035,A,18024,0,0,0
641,2018-01-03,Wednesday,3,1,2018,11:41,40.63046594,22.9526496,A,28323,1,0,0
642,2018-01-03,Wednesday,3,1,2018,11:42,40.63025167,22.9525377,A,18024,1,0,0
643,2018-01-03,Wednesday,3,1,2018,11:43,40.62998255,22.95218388,A,66,0,0,0
644,2018-01-03,Wednesday,3,1,2018,11:46,40.62947687,22.95184897,A,17742,0,0,0
645,2018-01-03,Wednesday,3,1,2018,11:46,40.62955091,22.95187368,A,17742,1,0,0
646,2018-01-03,Wednesday,3,1,2018,11:47,40.62952486,22.9517292,A,17742,0,0,0
647,2018-01-03,Wednesday,3,1,2018,11:47,40.63756696,22.94485305,A,20541,0,0,0
648,2018-01-03,Wednesday,3,1,2018,11:47,40.63756485,22.94488228,A,20541,1,0,0
649,2018-01-03,Wednesday,3,1,2018,11:48,40.629228,22.95164375,A,17644,0,0,0
650,2018-01-03,Wednesday,3,1,2018,11:48,40.63739768,22.94510052,A,20541,1,0,0
651,2018-01-03,Wednesday,3,1,2018,11:57,40.6288094,22.95119354,A,17742,1,0,0
652,2018-01-03,Wednesday,3,1,2018,11:57,40.62867949,22.95101907,A,17424,0,0,0
653,2018-01-03,Wednesday,3,1,2018,11:58,40.62864236,22.95089281,A,17472,0,0,0
654,2018-01-03,Wednesday,3,1,2018,12:05,40.63648215,22.94620213,A,20548,1,0,0
655,2018-01-03,Wednesday,3,1,2018,12:06,40.63645095,22.94619671,A,20548,0,0,0
656,2018-01-03,Wednesday,3,1,2018,12:06,40.63656991,22.94640017,A,20548,0,0,0
657,2018-01-03,Wednesday,3,1,2018,12:06,40.63642653,22.94618752,A,20548,1,0,0
658,2018-01-03,Wednesday,3,1,2018,12:06,40.6364402,22.94621163,A,20548,1,0,0
659,2018-01-03,Wednesday,3,1,2018,12:06,40.62769948,22.95018506,A,17254,0,0,0
660,2018-01-03,Wednesday,3,1,2018,12:06,40.63643114,22.94620642,A,20548,0,0,0
661,2018-01-03,Wednesday,3,1,2018,12:06,40.63657703,22.94634817,A,20548,1,0,0
662,2018-01-03,Wednesday,3,1,2018,12:06,40.63641279,22.94618361,A,20548,1,0,0
663,2018-01-03,Wednesday,3,1,2018,12:06,40.62770277,22.95017243,A,17222,0,0,0
664,2018-01-03,Wednesday,3,1,2018,12:06,40.63638511,22.94616615,A,20548,0,0,0
665,2018-01-03,Wednesday,3,1,2018,12:07,40.63656724,22.94629943,A,20548,0,0,0
666,2018-01-03,Wednesday,3,1,2018,12:07,40.63657907,22.94631095,A,20548,0,0,0
667,2018-01-03,Wednesday,3,1,2018,12:07,40.63657048,22.94631644,A,20548,1,0,0
668,2018-01-03,Wednesday,3,1,2018,12:07,40.63656109,22.94631545,A,20548,0,0,0
669,2018-01-03,Wednesday,3,1,2018,12:08,40.63656109,22.94631545,A,20548,1,0,0
670,2018-01-03,Wednesday,3,1,2018,12:08,40.63655018,22.94630645,A,20548,0,0,0
671,2018-01-03,Wednesday,3,1,2018,12:08,40.63638255,22.94612054,A,20548,1,0,0
672,2018-01-03,Wednesday,3,1,2018,11:09,40.62705983,22.95295273,A,17182,0,0,0
673,2018-01-03,Wednesday,3,1,2018,12:08,40.63652782,22.94637115,A,20548,0,0,0
674,2018-01-03,Wednesday,3,1,2018,12:09,40.6365383,22.94633327,A,20548,1,0,0
675,2018-01-03,Wednesday,3,1,2018,12:05,40.62780226,22.95021155,A,17222,0,0,0
676,2018-01-03,Wednesday,3,1,2018,12:05,40.63651785,22.94622122,A,20548,1,0,0
677,2018-01-03,Wednesday,3,1,2018,12:05,40.63652918,22.94623327,A,20548,1,0,0
678,2018-01-03,Wednesday,3,1,2018,12:05,40.63655399,22.94625422,A,20548,1,0,0
679,2018-01-03,Wednesday,3,1,2018,11:59,40.62853637,22.95075482,A,17472,1,0,0
680,2018-01-03,Wednesday,3,1,2018,12:00,40.63713418,22.94570663,A,20541,0,0,0
681,2018-01-03,Wednesday,3,1,2018,12:00,40.6371253,22.94570965,A,20541,0,0,0
682,2018-01-03,Wednesday,3,1,2018,12:02,40.63708171,22.94575421,A,20541,1,0,0
683,2018-01-03,Wednesday,3,1,2018,12:02,40.63704752,22.9458447,A,20783,0,0,0
684,2018-01-03,Wednesday,3,1,2018,12:02,40.63703106,22.94584137,A,20541,1,0,0
685,2018-01-03,Wednesday,3,1,2018,12:02,40.63703635,22.94585284,A,20541,0,0,0
686,2018-01-03,Wednesday,3,1,2018,12:03,40.63703741,22.94586496,A,20541,1,0,0
687,2018-01-03,Wednesday,3,1,2018,12:03,40.63702792,22.94590132,A,20541,1,0,0
688,2018-01-03,Wednesday,3,1,2018,12:03,40.63700406,22.94596155,A,20541,0,0,0
689,2018-01-03,Wednesday,3,1,2018,11:37,40.63779136,22.94431206,A,20544,0,0,0
690,2018-01-03,Wednesday,3,1,2018,12:03,40.63698971,22.94597613,A,20541,1,0,0
691,2018-01-03,Wednesday,3,1,2018,12:03,40.63695609,22.94602994,A,20541,0,0,0
692,2018-01-03,Wednesday,3,1,2018,12:03,40.63695609,22.94602994,A,20541,0,0,0
693,2018-01-03,Wednesday,3,1,2018,12:03,40.63694818,22.9460179,A,20541,0,0,0
694,2018-01-03,Wednesday,3,1,2018,12:03,40.62787529,22.95042822,A,17254,1,0,0
695,2018-01-03,Wednesday,3,1,2018,12:04,40.63689894,22.94608903,A,20541,1,0,0
696,2018-01-03,Wednesday,3,1,2018,12:04,40.62778698,22.95037247,A,17254,1,0,0
697,2018-01-03,Wednesday,3,1,2018,12:04,40.62772834,22.95028422,A,17254,0,0,0
698,2018-01-03,Wednesday,3,1,2018,12:05,40.6365977,22.94628233,A,20548,0,0,0
699,2018-01-03,Wednesday,3,1,2018,12:05,40.63656208,22.94624734,A,20548,0,0,0
700,2018-01-03,Wednesday,3,1,2018,12:05,40.63656208,22.94624734,A,20548,0,0,0
701,2018-01-03,Wednesday,3,1,2018,12:03,40.62787811,22.95041535,A,17254,1,0,0
702,2018-01-03,Wednesday,3,1,2018,11:37,40.63039741,22.95252108,A,18024,0,0,0
703,2018-01-03,Wednesday,3,1,2018,12:08,40.6363643,22.94611459,A,20548,0,0,0
704,2018-01-03,Wednesday,3,1,2018,11:36,40.63013194,22.9524213,A,17972,1,0,0
705,2018-01-03,Wednesday,3,1,2018,11:16,40.63729802,22.94399114,A,20544,0,0,0
706,2018-01-03,Wednesday,3,1,2018,11:16,40.62756035,22.95296594,A,17361,0,0,0
707,2018-01-03,Wednesday,3,1,2018,11:16,40.63757126,22.94409689,A,20544,0,0,0
708,2018-01-03,Wednesday,3,1,2018,11:16,40.63731647,22.94400378,A,20544,0,0,0
709,2018-01-03,Wednesday,3,1,2018,11:16,40.63759595,22.94406333,A,20544,1,0,0
710,2018-01-03,Wednesday,3,1,2018,11:16,40.63756709,22.94403648,A,20544,0,0,0
711,2018-01-03,Wednesday,3,1,2018,11:18,40.63729546,22.94400048,A,20544,0,0,0
712,2018-01-03,Wednesday,3,1,2018,11:18,40.63750729,22.94400242,A,20544,1,0,0
713,2018-01-03,Wednesday,3,1,2018,11:18,40.63734964,22.94401935,A,20544,1,0,0
714,2018-01-03,Wednesday,3,1,2018,11:18,40.63735907,22.94402343,A,20544,1,0,0
715,2018-01-03,Wednesday,3,1,2018,11:18,40.63736876,22.9440269,A,20544,1,0,0
716,2018-01-03,Wednesday,3,1,2018,11:18,40.6374708,22.94395921,A,20544,0,0,0
717,2018-01-03,Wednesday,3,1,2018,11:19,40.63741826,22.94406455,A,20544,0,0,0
718,2018-01-03,Wednesday,3,1,2018,11:19,40.63745042,22.94391847,A,20672,0,0,0
719,2018-01-03,Wednesday,3,1,2018,11:20,40.62905474,22.95323891,A,17622,1,0,0
720,2018-01-03,Wednesday,3,1,2018,11:20,40.6290663,22.95318986,A,17622,0,0,0
721,2018-01-03,Wednesday,3,1,2018,11:21,40.62903125,22.95317743,A,17622,0,0,0
722,2018-01-03,Wednesday,3,1,2018,11:21,40.63743733,22.94406178,A,20544,0,0,0
723,2018-01-03,Wednesday,3,1,2018,11:21,40.63739896,22.94396461,A,20544,1,0,0
724,2018-01-03,Wednesday,3,1,2018,11:22,40.63734679,22.94386327,A,20544,0,0,0
725,2018-01-03,Wednesday,3,1,2018,11:22,40.63732697,22.94386511,A,20544,1,0,0
726,2018-01-03,Wednesday,3,1,2018,11:16,40.6375758,22.94416491,A,20544,1,0,0
727,2018-01-03,Wednesday,3,1,2018,11:22,40.62908743,22.95310736,A,17622,0,0,0
728,2018-01-03,Wednesday,3,1,2018,11:16,40.6372192,22.94398321,A,20544,1,0,0
729,2018-01-03,Wednesday,3,1,2018,11:16,40.6372192,22.94398321,A,20544,0,0,0
730,2018-01-03,Wednesday,3,1,2018,11:36,40.63008234,22.95243043,A,17972,0,0,0
731,2018-01-03,Wednesday,3,1,2018,11:09,40.62779103,22.95300836,A,17361,0,0,0
732,2018-01-03,Wednesday,3,1,2018,11:10,40.62720057,22.95293945,A,17182,0,0,0
733,2018-01-03,Wednesday,3,1,2018,11:10,40.62719906,22.95291551,A,17182,0,0,0
734,2018-01-03,Wednesday,3,1,2018,11:11,40.62723002,22.95296915,A,17182,0,0,0
735,2018-01-03,Wednesday,3,1,2018,11:12,40.62726513,22.95292292,A,17182,0,0,0
736,2018-01-03,Wednesday,3,1,2018,11:13,40.62776669,22.95292679,A,17361,1,0,0
737,2018-01-03,Wednesday,3,1,2018,11:14,40.62731106,22.95295832,A,17182,0,0,0
738,2018-01-03,Wednesday,3,1,2018,11:14,40.62770429,22.95299688,A,17361,1,0,0
739,2018-01-03,Wednesday,3,1,2018,11:14,40.63721273,22.94434155,A,20544,1,0,0
740,2018-01-03,Wednesday,3,1,2018,11:15,40.63751247,22.94434541,A,20544,1,0,0
741,2018-01-03,Wednesday,3,1,2018,11:15,40.63723252,22.94398697,A,20544,0,0,0
742,2018-01-03,Wednesday,3,1,2018,11:15,40.6275531,22.95294838,A,17361,0,0,0
743,2018-01-03,Wednesday,3,1,2018,11:15,40.63721811,22.94398681,A,20544,0,0,0
744,2018-01-03,Wednesday,3,1,2018,11:15,40.63721811,22.94398681,A,20544,0,0,0
745,2018-01-03,Wednesday,3,1,2018,11:15,40.63721926,22.94398312,A,20544,0,0,0
746,2018-01-03,Wednesday,3,1,2018,11:15,40.6372192,22.94398321,A,20544,0,0,0
747,2018-01-03,Wednesday,3,1,2018,11:15,40.6372192,22.94398321,A,20544,0,0,0
748,2018-01-03,Wednesday,3,1,2018,11:15,40.6372192,22.94398321,A,20544,0,0,0
749,2018-01-03,Wednesday,3,1,2018,11:15,40.6372192,22.94398321,A,20544,0,0,0
750,2018-01-03,Wednesday,3,1,2018,11:15,40.6375853,22.94417671,A,20544,0,0,0
751,2018-01-03,Wednesday,3,1,2018,11:16,40.6375758,22.94416491,A,20544,1,0,0
752,2018-01-03,Wednesday,3,1,2018,11:22,40.6297644,22.95320868,A,18022,0,0,0
753,2018-01-03,Wednesday,3,1,2018,11:10,40.62776889,22.95298099,A,17361,0,0,0
754,2018-01-03,Wednesday,3,1,2018,11:23,40.62911457,22.95330444,A,17622,0,0,0
755,2018-01-03,Wednesday,3,1,2018,11:31,40.6375525,22.94420775,A,20544,1,0,0
756,2018-01-03,Wednesday,3,1,2018,11:31,40.6376104,22.94421233,A,20544,0,0,0
757,2018-01-03,Wednesday,3,1,2018,11:31,40.6376104,22.94421233,A,20544,0,0,0
758,2018-01-03,Wednesday,3,1,2018,11:32,40.63083822,22.95291121,A,28323,1,0,0
759,2018-01-03,Wednesday,3,1,2018,11:32,40.63775475,22.94432536,A,20544,0,0,0
760,2018-01-03,Wednesday,3,1,2018,11:32,40.63055858,22.95280535,A,28323,1,0,0
761,2018-01-03,Wednesday,3,1,2018,11:32,40.6376049,22.94421553,A,20544,1,0,0
762,2018-01-03,Wednesday,3,1,2018,11:32,40.63762388,22.94424478,A,20544,0,0,0
763,2018-01-03,Wednesday,3,1,2018,11:32,40.63077767,22.95282199,A,28323,0,0,0
764,2018-01-03,Wednesday,3,1,2018,11:32,40.63775863,22.94434549,A,20544,0,0,0
765,2018-01-03,Wednesday,3,1,2018,11:33,40.63053054,22.95271345,A,28323,0,0,0
766,2018-01-03,Wednesday,3,1,2018,11:33,40.63775427,22.94435259,A,20544,0,0,0
767,2018-01-03,Wednesday,3,1,2018,11:33,40.63054525,22.95260799,A,28323,1,0,0
768,2018-01-03,Wednesday,3,1,2018,11:33,40.63776282,22.94437633,A,20544,0,0,0
769,2018-01-03,Wednesday,3,1,2018,11:33,40.63053041,22.9525402,A,28323,0,0,0
770,2018-01-03,Wednesday,3,1,2018,11:34,40.63758294,22.94422294,A,20544,0,0,0
771,2018-01-03,Wednesday,3,1,2018,11:34,40.63069287,22.9527859,A,28323,0,0,0
772,2018-01-03,Wednesday,3,1,2018,11:36,40.63069837,22.95272227,A,28323,0,0,0
773,2018-01-03,Wednesday,3,1,2018,11:34,40.63760305,22.94427803,A,20544,0,0,0
774,2018-01-03,Wednesday,3,1,2018,11:35,40.6304033,22.95269864,A,18024,1,0,0
775,2018-01-03,Wednesday,3,1,2018,11:23,40.63730798,22.94387743,A,20544,0,0,0
776,2018-01-03,Wednesday,3,1,2018,11:31,40.63082944,22.95296622,A,28323,1,0,0
777,2018-01-03,Wednesday,3,1,2018,11:31,40.63077777,22.95301647,A,28323,1,0,0
778,2018-01-03,Wednesday,3,1,2018,11:32,40.63059181,22.95274544,A,28323,1,0,0
779,2018-01-03,Wednesday,3,1,2018,11:30,40.63777973,22.94440297,A,20544,0,0,0
780,2018-01-03,Wednesday,3,1,2018,11:24,40.63729216,22.94388903,A,20544,0,0,0
781,2018-01-03,Wednesday,3,1,2018,11:30,40.63774502,22.94438826,A,20544,0,0,0
782,2018-01-03,Wednesday,3,1,2018,11:25,40.62981628,22.95329424,A,18022,1,0,0
783,2018-01-03,Wednesday,3,1,2018,11:25,40.63753666,22.94413496,A,20544,0,0,0
784,2018-01-03,Wednesday,3,1,2018,11:26,40.6375236,22.94413963,A,20544,0,0,0
785,2018-01-03,Wednesday,3,1,2018,11:26,40.63750948,22.94413998,A,20544,0,0,0
786,2018-01-03,Wednesday,3,1,2018,11:26,40.63750948,22.94413998,A,20544,0,0,0
787,2018-01-03,Wednesday,3,1,2018,11:26,40.62968159,22.95330974,A,18022,1,0,0
788,2018-01-03,Wednesday,3,1,2018,11:27,40.6292396,22.95306145,A,17622,0,0,0
789,2018-01-03,Wednesday,3,1,2018,11:28,40.63768585,22.94434004,A,20544,0,0,0
790,2018-01-03,Wednesday,3,1,2018,11:26,40.62974841,22.95327052,A,18022,0,0,0
791,2018-01-03,Wednesday,3,1,2018,11:28,40.63004646,22.95329638,A,18022,1,0,0
792,2018-01-03,Wednesday,3,1,2018,11:30,40.63753479,22.94414828,A,20544,0,0,0
793,2018-01-03,Wednesday,3,1,2018,11:28,40.63004646,22.95329638,A,18022,1,0,0
794,2018-01-03,Wednesday,3,1,2018,11:30,40.63751518,22.94414737,A,20544,0,0,0
795,2018-01-03,Wednesday,3,1,2018,11:30,40.6375063,22.94413822,A,20544,1,0,0
796,2018-01-03,Wednesday,3,1,2018,11:30,40.6374723,22.94411879,A,20544,0,0,0
797,2018-01-03,Wednesday,3,1,2018,11:30,40.63753479,22.94414828,A,20544,0,0,0
798,2018-01-03,Wednesday,3,1,2018,11:29,40.63017679,22.95329484,A,18022,0,0,0
799,2018-01-03,Wednesday,3,1,2018,11:28,40.63748915,22.9441543,A,20544,0,0,0
800,2018-01-03,Wednesday,3,1,2018,11:23,40.63749022,22.94398714,A,20544,0,0,0
801,2018-01-03,Wednesday,3,1,2018,11:29,40.63748915,22.9441543,A,20544,1,0,0
802,2018-01-04,Thursday,4,1,2018,12:30,40.63759031,22.94418584,A,20544,1,0,0
803,2018-01-04,Thursday,4,1,2018,12:30,40.63749716,22.94402289,A,20544,0,0,0
804,2018-01-04,Thursday,4,1,2018,12:30,40.63713755,22.94393469,A,20544,1,0,0
805,2018-01-04,Thursday,4,1,2018,12:30,40.63761496,22.94423024,A,20544,1,0,0
806,2018-01-04,Thursday,4,1,2018,12:30,40.63427697,22.94432433,A,19151,1,0,0
807,2018-01-04,Thursday,4,1,2018,12:30,40.6375849,22.94419578,A,20544,0,0,0
808,2018-01-04,Thursday,4,1,2018,12:30,40.63722104,22.94395333,A,20544,0,0,0
809,2018-01-04,Thursday,4,1,2018,12:30,40.63723151,22.94395644,A,20544,0,0,0
810,2018-01-04,Thursday,4,1,2018,12:30,40.63405879,22.94439604,A,19151,0,0,0
811,2018-01-04,Thursday,4,1,2018,12:32,40.63739543,22.94409874,A,20544,1,0,0
812,2018-01-04,Thursday,4,1,2018,12:31,40.63754516,22.94418534,A,20544,1,0,0
813,2018-01-04,Thursday,4,1,2018,12:31,40.63413723,22.94438725,A,19151,1,0,0
814,2018-01-04,Thursday,4,1,2018,12:31,40.63750385,22.9441654,A,20544,0,0,0
815,2018-01-04,Thursday,4,1,2018,12:31,40.63751548,22.94407111,A,20544,0,0,0
816,2018-01-04,Thursday,4,1,2018,12:31,40.63413723,22.94438725,A,19151,1,0,0
817,2018-01-04,Thursday,4,1,2018,12:32,40.63750783,22.94419193,A,20544,1,0,0
818,2018-01-04,Thursday,4,1,2018,12:32,40.63735605,22.9441057,A,20544,1,0,0
819,2018-01-04,Thursday,4,1,2018,12:32,40.6374832,22.94414329,A,20544,1,0,0
820,2018-01-04,Thursday,4,1,2018,12:30,40.63434708,22.94426945,A,19555,1,0,0
821,2018-01-04,Thursday,4,1,2018,12:30,40.63439551,22.94420482,A,19555,1,0,0
822,2018-01-04,Thursday,4,1,2018,12:29,40.63751305,22.94403192,A,20544,1,0,0
823,2018-01-04,Thursday,4,1,2018,12:27,40.62855013,22.95088401,A,17472,0,0,0
824,2018-01-04,Thursday,4,1,2018,12:29,40.6343781,22.94423231,A,19555,1,0,0
825,2018-01-04,Thursday,4,1,2018,12:26,40.63414453,22.94405293,A,19151,1,0,0
826,2018-01-04,Thursday,4,1,2018,12:26,40.63773816,22.94429924,A,20544,0,0,0
827,2018-01-04,Thursday,4,1,2018,12:32,40.6374566,22.94411198,A,20544,1,0,0
828,2018-01-04,Thursday,4,1,2018,12:27,40.62891476,22.95142704,A,17644,1,0,0
829,2018-01-04,Thursday,4,1,2018,12:27,40.62886949,22.95136489,A,17644,0,0,0
830,2018-01-04,Thursday,4,1,2018,12:27,40.63444089,22.94415181,A,19555,0,0,0
831,2018-01-04,Thursday,4,1,2018,12:27,40.63764096,22.9443024,A,20544,1,0,0
832,2018-01-04,Thursday,4,1,2018,12:27,40.63421022,22.94414376,A,19151,0,0,0
833,2018-01-04,Thursday,4,1,2018,12:27,40.63764637,22.94424698,A,20544,0,0,0
834,2018-01-04,Thursday,4,1,2018,12:28,40.63766808,22.94408055,A,20672,1,0,0
835,2018-01-04,Thursday,4,1,2018,12:29,40.63713755,22.94393469,A,20544,1,0,0
836,2018-01-04,Thursday,4,1,2018,12:28,40.63764116,22.94408617,A,20672,1,0,0
837,2018-01-04,Thursday,4,1,2018,12:28,40.6376307,22.94409153,A,20672,0,0,0
838,2018-01-04,Thursday,4,1,2018,12:28,40.62884092,22.95129267,A,17644,0,0,0
839,2018-01-04,Thursday,4,1,2018,12:28,40.628862,22.95129412,A,17644,0,0,0
840,2018-01-04,Thursday,4,1,2018,12:28,40.63757428,22.94419026,A,20544,0,0,0
841,2018-01-04,Thursday,4,1,2018,12:28,40.628862,22.95129412,A,17644,0,0,0
842,2018-01-04,Thursday,4,1,2018,12:29,40.628862,22.95129412,A,17644,0,0,0
843,2018-01-04,Thursday,4,1,2018,12:29,40.628862,22.95129412,A,17644,1,0,0
844,2018-01-04,Thursday,4,1,2018,12:29,40.6288846,22.95142179,A,17644,0,0,0
845,2018-01-04,Thursday,4,1,2018,12:29,40.6287909,22.95122905,A,17742,1,0,0
846,2018-01-04,Thursday,4,1,2018,12:29,40.63432845,22.94425071,A,19555,0,0,0
847,2018-01-04,Thursday,4,1,2018,12:28,40.63713452,22.9439334,A,20544,0,0,0
848,2018-01-04,Thursday,4,1,2018,12:32,40.63741508,22.94411248,A,20544,1,0,0
849,2018-01-04,Thursday,4,1,2018,12:38,40.62810988,22.95294522,A,17361,0,0,0
850,2018-01-04,Thursday,4,1,2018,12:32,40.63742804,22.94407293,A,20544,0,0,0
851,2018-01-04,Thursday,4,1,2018,12:42,40.63656582,22.9461837,A,20548,0,0,0
852,2018-01-04,Thursday,4,1,2018,12:43,40.63650959,22.94617753,A,20548,1,0,0
853,2018-01-04,Thursday,4,1,2018,12:43,40.63397107,22.94504462,A,19143,1,0,0
854,2018-01-04,Thursday,4,1,2018,12:43,40.63650828,22.94620678,A,20548,0,0,0
855,2018-01-04,Thursday,4,1,2018,12:43,40.63645032,22.94616968,A,20548,1,0,0
856,2018-01-04,Thursday,4,1,2018,12:43,40.63642729,22.94616092,A,20548,1,0,0
857,2018-01-04,Thursday,4,1,2018,12:44,40.63637333,22.94612043,A,20548,1,0,0
858,2018-01-04,Thursday,4,1,2018,12:44,40.63395713,22.94507127,A,19143,0,0,0
859,2018-01-04,Thursday,4,1,2018,12:44,40.63633703,22.94607711,A,20548,0,0,0
860,2018-01-04,Thursday,4,1,2018,12:44,40.63656159,22.94639537,A,20548,1,0,0
861,2018-01-04,Thursday,4,1,2018,12:44,40.63631993,22.9460718,A,20548,0,0,0
862,2018-01-04,Thursday,4,1,2018,12:44,40.63625645,22.94604968,A,20548,0,0,0
863,2018-01-04,Thursday,4,1,2018,12:44,40.63655747,22.94635317,A,20548,0,0,0
864,2018-01-04,Thursday,4,1,2018,12:46,40.63622367,22.94585314,A,20548,0,0,0
865,2018-01-04,Thursday,4,1,2018,12:46,40.63656145,22.9463545,A,20548,1,0,0
866,2018-01-04,Thursday,4,1,2018,12:46,40.63653949,22.94635032,A,20548,1,0,0
867,2018-01-04,Thursday,4,1,2018,12:46,40.63387177,22.94510183,A,19143,0,0,0
868,2018-01-04,Thursday,4,1,2018,12:46,40.63649533,22.94632242,A,20548,1,0,0
869,2018-01-04,Thursday,4,1,2018,12:26,40.62896235,22.95140032,A,17742,0,0,0
870,2018-01-04,Thursday,4,1,2018,12:47,40.63613913,22.94588628,A,20548,1,0,0
871,2018-01-04,Thursday,4,1,2018,12:47,40.63647607,22.94626977,A,20548,1,0,0
872,2018-01-04,Thursday,4,1,2018,12:41,40.63649935,22.94629536,A,20548,0,0,0
873,2018-01-04,Thursday,4,1,2018,12:32,40.63743775,22.94408793,A,20544,1,0,0
874,2018-01-04,Thursday,4,1,2018,12:41,40.63397168,22.94499246,A,19143,0,0,0
875,2018-01-04,Thursday,4,1,2018,12:39,40.62808034,22.95308893,A,17361,0,0,0
876,2018-01-04,Thursday,4,1,2018,12:33,40.63730258,22.94391154,A,20544,1,0,0
877,2018-01-04,Thursday,4,1,2018,12:33,40.63728797,22.94388015,A,20544,0,0,0
878,2018-01-04,Thursday,4,1,2018,12:33,40.63727661,22.94388173,A,20544,0,0,0
879,2018-01-04,Thursday,4,1,2018,12:33,40.63743692,22.94402001,A,20544,1,0,0
880,2018-01-04,Thursday,4,1,2018,12:33,40.63743991,22.94401702,A,20544,1,0,0
881,2018-01-04,Thursday,4,1,2018,12:33,40.63744199,22.94399987,A,20544,0,0,0
882,2018-01-04,Thursday,4,1,2018,12:33,40.63732319,22.94391783,A,20544,0,0,0
883,2018-01-04,Thursday,4,1,2018,12:34,40.63746718,22.94397362,A,20544,1,0,0
884,2018-01-04,Thursday,4,1,2018,12:34,40.62761463,22.95290144,A,17361,0,0,0
885,2018-01-04,Thursday,4,1,2018,12:34,40.63739608,22.94394084,A,20544,1,0,0
886,2018-01-04,Thursday,4,1,2018,12:34,40.63739757,22.94392687,A,20544,0,0,0
887,2018-01-04,Thursday,4,1,2018,12:35,40.63727783,22.94389406,A,20544,1,0,0
888,2018-01-04,Thursday,4,1,2018,12:35,40.63400539,22.94486228,A,19143,0,0,0
889,2018-01-04,Thursday,4,1,2018,12:35,40.63400258,22.94490716,A,19143,0,0,0
890,2018-01-04,Thursday,4,1,2018,12:35,40.63731201,22.94395277,A,20544,0,0,0
891,2018-01-04,Thursday,4,1,2018,12:35,40.63740261,22.94391939,A,20544,0,0,0
892,2018-01-04,Thursday,4,1,2018,12:36,40.62769127,22.95297071,A,17361,1,0,0
893,2018-01-04,Thursday,4,1,2018,12:36,40.62780102,22.95299336,A,17361,0,0,0
894,2018-01-04,Thursday,4,1,2018,12:37,40.62793481,22.95304215,A,17361,1,0,0
895,2018-01-04,Thursday,4,1,2018,12:37,40.62800263,22.95303971,A,17361,0,0,0
896,2018-01-04,Thursday,4,1,2018,12:39,40.63664615,22.9462084,A,20548,1,0,0
897,2018-01-04,Thursday,4,1,2018,12:39,40.63661914,22.94618479,A,20548,0,0,0
898,2018-01-04,Thursday,4,1,2018,12:26,40.62896235,22.95140032,A,17742,0,0,0
899,2018-01-04,Thursday,4,1,2018,12:09,40.63536842,22.94204315,A,19813,0,0,0
900,2018-01-04,Thursday,4,1,2018,11:58,40.63591857,22.94119916,A,19733,0,0,0
901,2018-01-04,Thursday,4,1,2018,11:59,40.62952087,22.95322306,A,18022,0,0,0
902,2018-01-04,Thursday,4,1,2018,11:59,40.62952913,22.95323033,A,18022,0,0,0
903,2018-01-04,Thursday,4,1,2018,11:59,40.63570797,22.94131358,A,19733,1,0,0
904,2018-01-04,Thursday,4,1,2018,11:59,40.62953676,22.95323982,A,18022,0,0,0
905,2018-01-04,Thursday,4,1,2018,11:59,40.62968682,22.95336485,A,18022,0,0,0
906,2018-01-04,Thursday,4,1,2018,12:01,40.62976154,22.95332541,A,18022,1,0,0
907,2018-01-04,Thursday,4,1,2018,12:02,40.63579996,22.94165588,A,19661,0,0,0
908,2018-01-04,Thursday,4,1,2018,12:02,40.63563,22.94166446,A,19661,0,0,0
909,2018-01-04,Thursday,4,1,2018,12:03,40.63044221,22.95350892,A,18022,1,0,0
910,2018-01-04,Thursday,4,1,2018,12:04,40.63063465,22.95304556,A,18024,0,0,0
911,2018-01-04,Thursday,4,1,2018,12:04,40.63066107,22.95290962,A,18024,1,0,0
912,2018-01-04,Thursday,4,1,2018,12:04,40.63540444,22.94194486,A,19813,0,0,0
913,2018-01-04,Thursday,4,1,2018,12:04,40.63550371,22.9419701,A,19813,0,0,0
914,2018-01-04,Thursday,4,1,2018,12:05,40.63073977,22.95280561,A,28323,0,0,0
915,2018-01-04,Thursday,4,1,2018,12:05,40.63056271,22.95292249,A,18024,0,0,0
916,2018-01-04,Thursday,4,1,2018,12:05,40.63074579,22.95291663,A,28323,1,0,0
917,2018-01-04,Thursday,4,1,2018,12:06,40.63074579,22.95291663,A,28323,0,0,0
918,2018-01-04,Thursday,4,1,2018,12:06,40.63532959,22.94196611,A,19813,1,0,0
919,2018-01-04,Thursday,4,1,2018,12:06,40.63051215,22.95295282,A,18024,0,0,0
920,2018-01-04,Thursday,4,1,2018,12:06,40.63540983,22.94195084,A,19813,0,0,0
921,2018-01-04,Thursday,4,1,2018,11:58,40.62908761,22.9532406,A,17622,0,0,0
922,2018-01-04,Thursday,4,1,2018,12:08,40.63042909,22.95289379,A,18024,0,0,0
923,2018-01-04,Thursday,4,1,2018,11:57,40.63577652,22.94123094,A,19733,0,0,0
924,2018-01-04,Thursday,4,1,2018,11:56,40.62863191,22.95325194,A,17622,0,0,0
925,2018-01-04,Thursday,4,1,2018,12:48,40.63645228,22.94627028,A,20548,1,0,0
926,2018-01-04,Thursday,4,1,2018,11:48,40.62764651,22.95304173,A,17361,0,0,0
927,2018-01-04,Thursday,4,1,2018,11:48,40.62764651,22.95304173,A,17361,0,0,0
928,2018-01-04,Thursday,4,1,2018,11:48,40.62764651,22.95304173,A,17361,0,0,0
929,2018-01-04,Thursday,4,1,2018,11:48,40.62770877,22.9530488,A,17361,0,0,0
930,2018-01-04,Thursday,4,1,2018,11:49,40.62765327,22.95303386,A,17361,0,0,0
931,2018-01-04,Thursday,4,1,2018,11:49,40.62765327,22.95303386,A,17361,0,0,0
932,2018-01-04,Thursday,4,1,2018,11:49,40.62770915,22.95295476,A,17361,1,0,0
933,2018-01-04,Thursday,4,1,2018,11:50,40.62778276,22.9528262,A,87,0,0,0
934,2018-01-04,Thursday,4,1,2018,11:51,40.6279331,22.95292779,A,17361,1,0,0
935,2018-01-04,Thursday,4,1,2018,11:51,40.62798444,22.95304312,A,17361,1,0,0
936,2018-01-04,Thursday,4,1,2018,11:52,40.62810498,22.95307921,A,17361,0,0,0
937,2018-01-04,Thursday,4,1,2018,11:52,40.62818797,22.95312319,A,17361,1,0,0
938,2018-01-04,Thursday,4,1,2018,11:53,40.63585131,22.94108785,A,19733,0,0,0
939,2018-01-04,Thursday,4,1,2018,11:54,40.63575659,22.94110662,A,19733,0,0,0
940,2018-01-04,Thursday,4,1,2018,11:54,40.62852361,22.95319603,A,17622,0,0,0
941,2018-01-04,Thursday,4,1,2018,11:55,40.63577024,22.9411584,A,19733,0,0,0
942,2018-01-04,Thursday,4,1,2018,11:55,40.62868633,22.95319787,A,17622,0,0,0
943,2018-01-04,Thursday,4,1,2018,11:56,40.63591922,22.94119994,A,19733,0,0,0
944,2018-01-04,Thursday,4,1,2018,11:56,40.6358482,22.94120958,A,19733,0,0,0
945,2018-01-04,Thursday,4,1,2018,11:57,40.62903897,22.95312755,A,17622,0,0,0
946,2018-01-04,Thursday,4,1,2018,12:26,40.62896407,22.95141286,A,17742,0,0,0
947,2018-01-04,Thursday,4,1,2018,12:08,40.63066644,22.95268004,A,28323,0,0,0
948,2018-01-04,Thursday,4,1,2018,12:08,40.63063299,22.95277305,A,28323,0,0,0
949,2018-01-04,Thursday,4,1,2018,12:21,40.62921592,22.95172587,A,17644,0,0,0
950,2018-01-04,Thursday,4,1,2018,12:21,40.62920612,22.95173303,A,17644,0,0,0
951,2018-01-04,Thursday,4,1,2018,12:22,40.62902084,22.95142844,A,17644,0,0,0
952,2018-01-04,Thursday,4,1,2018,12:22,40.62901558,22.95144506,A,17644,0,0,0
953,2018-01-04,Thursday,4,1,2018,12:23,40.62901558,22.95144506,A,17644,0,0,0
954,2018-01-04,Thursday,4,1,2018,12:23,40.62901558,22.95144506,A,17644,0,0,0
955,2018-01-04,Thursday,4,1,2018,12:23,40.62847615,22.95083618,A,17472,1,0,0
956,2018-01-04,Thursday,4,1,2018,12:23,40.63463049,22.94338044,A,19555,0,0,0
957,2018-01-04,Thursday,4,1,2018,12:23,40.62900788,22.95148739,A,17644,0,0,0
958,2018-01-04,Thursday,4,1,2018,12:23,40.62898276,22.95153498,A,17644,0,0,0
959,2018-01-04,Thursday,4,1,2018,12:23,40.62850131,22.95077444,A,17472,0,0,0
960,2018-01-04,Thursday,4,1,2018,12:24,40.63776824,22.94428573,A,20544,0,0,0
961,2018-01-04,Thursday,4,1,2018,12:24,40.63775084,22.94441055,A,20544,1,0,0
962,2018-01-04,Thursday,4,1,2018,12:24,40.63768628,22.94431797,A,20544,1,0,0
963,2018-01-04,Thursday,4,1,2018,12:24,40.63769854,22.94430191,A,20544,0,0,0
964,2018-01-04,Thursday,4,1,2018,12:25,40.63440621,22.94389044,A,19151,0,0,0
965,2018-01-04,Thursday,4,1,2018,12:25,40.62855326,22.95077792,A,17472,1,0,0
966,2018-01-04,Thursday,4,1,2018,12:25,40.62855326,22.95077792,A,17472,0,0,0
967,2018-01-04,Thursday,4,1,2018,12:25,40.63424171,22.94405218,A,19555,0,0,0
968,2018-01-04,Thursday,4,1,2018,12:25,40.63776173,22.94431557,A,20544,0,0,0
969,2018-01-04,Thursday,4,1,2018,12:25,40.63771578,22.94432669,A,20544,0,0,0
970,2018-01-04,Thursday,4,1,2018,12:21,40.62926822,22.95169668,A,17742,1,0,0
971,2018-01-04,Thursday,4,1,2018,12:08,40.63537915,22.94184363,A,19813,0,0,0
972,2018-01-04,Thursday,4,1,2018,12:21,40.62928356,22.9517033,A,17742,0,0,0
973,2018-01-04,Thursday,4,1,2018,12:20,40.62836467,22.95072352,A,17472,0,0,0
974,2018-01-04,Thursday,4,1,2018,12:09,40.63039231,22.95292407,A,18024,1,0,0
975,2018-01-04,Thursday,4,1,2018,12:10,40.63049721,22.9526997,A,28323,0,0,0
976,2018-01-04,Thursday,4,1,2018,12:11,40.63530399,22.94209093,A,19813,1,0,0
977,2018-01-04,Thursday,4,1,2018,12:12,40.63530365,22.94223012,A,19813,0,0,0
978,2018-01-04,Thursday,4,1,2018,12:12,40.63028333,22.95242817,A,18024,0,0,0
979,2018-01-04,Thursday,4,1,2018,12:13,40.63005248,22.95254781,A,18024,0,0,0
980,2018-01-04,Thursday,4,1,2018,12:13,40.63017416,22.95240828,A,17972,0,0,0
981,2018-01-04,Thursday,4,1,2018,12:14,40.63017546,22.95242295,A,17972,0,0,0
982,2018-01-04,Thursday,4,1,2018,12:14,40.63005923,22.95254141,A,18024,0,0,0
983,2018-01-04,Thursday,4,1,2018,12:14,40.63011664,22.95238672,A,17972,0,0,0
984,2018-01-04,Thursday,4,1,2018,12:14,40.63011664,22.95238672,A,17972,1,0,0
985,2018-01-04,Thursday,4,1,2018,12:14,40.6300661,22.95235927,A,17972,0,0,0
986,2018-01-04,Thursday,4,1,2018,12:15,40.63517354,22.94242655,A,19813,0,0,0
987,2018-01-04,Thursday,4,1,2018,12:15,40.62973211,22.95212409,A,17734,0,0,0
988,2018-01-04,Thursday,4,1,2018,12:16,40.62989425,22.95219671,A,66,0,0,0
989,2018-01-04,Thursday,4,1,2018,12:16,40.62990461,22.95219033,A,66,0,0,0
990,2018-01-04,Thursday,4,1,2018,12:17,40.63517524,22.94232613,A,19813,0,0,0
991,2018-01-04,Thursday,4,1,2018,12:17,40.62983109,22.95208884,A,17822,0,0,0
992,2018-01-04,Thursday,4,1,2018,12:19,40.62938632,22.9518135,A,17644,0,0,0
993,2018-01-04,Thursday,4,1,2018,12:20,40.62835407,22.95062863,A,17472,1,0,0
994,2018-01-04,Thursday,4,1,2018,12:20,40.62931171,22.95181361,A,17644,1,0,0
995,2018-01-04,Thursday,4,1,2018,12:21,40.62931165,22.95174642,A,17644,1,0,0
996,2018-01-04,Thursday,4,1,2018,12:48,40.63605484,22.94592833,A,20548,1,0,0
997,2018-01-04,Thursday,4,1,2018,15:24,40.62688528,22.95285745,A,17182,0,0,0
998,2018-01-04,Thursday,4,1,2018,12:48,40.6364242,22.94621698,A,20548,1,0,0
999,2018-01-04,Thursday,4,1,2018,15:37,40.62759481,22.94992021,A,27,0,0,0
